http://www.youtube.com/watch?v=QE8DQTXRBEA,?? ????? ??????? ????? ???,"?? ????? ??????? ????? ???, Powerpoint Animation, Baal Geet, ??????? ??????, ??????.",???????,??? ???????,??????,?????????? ???????,
http://www.youtube.com/watch?v=fjA25JGuBAY,???-????? ?????? ?????_???_?,???-????? ?????? ?????_???_? ???-????? ???????? ?????.,????,??? ????,???-???,????????? ????? ,???-???
http://www.youtube.com/watch?v=L54VGj79jlI,???-????? ?????? ?????_???_?,???-????? ?????? ?????_???_? ???-????? ???????? ?????.,????,??? ????,???-???,????????? ????? ,???-???
http://www.youtube.com/watch?v=J0NKMziyAXc,? ?? ??.,"powerpoint animation, Gujarati Education, Learn Gujarati, Read in Gujarati, Learn how to read in gujarati.",???????,??? ???????,??????? ????? ????,?????????? ???????,
http://www.youtube.com/watch?v=Dg68_GFFlgY,? ???? ??.,? ???? ??.,???????,??? ???????,??????? ????? ????,?????????? ???????,
http://www.youtube.com/watch?v=QL0JMEKuvVk,? ??? ??.,? ??? ??.,???????,??? ???????,??????? ????? ????,?????????? ???????,
http://www.youtube.com/watch?v=q0120Qz_KXg,??? ???? ????????? ????? ??? ????? ?????,??? ???? ????????? ????? ??? ????? ?????.,????,??? ????,???-???,,
http://www.youtube.com/watch?v=ID9fF73FbRg,??? ???? ????????? ?????,??? ???? ????????? ?????.,????,??? ????,???-???,,
http://www.youtube.com/watch?v=GuGzvSOpJJs,??? ???? ???????? ??????,??? ???? ???????? ??????.,????,??? ????,???-???,,
http://www.youtube.com/watch?v=W3jmP25UHc8,???????? ???????? ?????? ?????????,???????? ???????? ?????? ?????????.,????,??? ????,?????? ??????,,
http://www.youtube.com/watch?v=maSCSAIucIw,????? ????? ???,????? ????? ???.,???????,??? ???????,??????,?????????? ???????,
http://www.youtube.com/watch?v=06Ic3-jl-zk,????????? ??????? ?? ????? ????? ????? ??? ??? _2,????????? ??????? ?? ????? ????? ????? ??? ???.,????,??? ????,?????? ??????,,
http://www.youtube.com/watch?v=wPsi_WsrPmg,???????? ?????????,,???????,??? ???????,??????,?????????? ???????,
http://www.youtube.com/watch?v=4UZFDksLpYU,????????? ??????? ?? ????? ????? ????? ??? ???,"????????? ??????? ?? ????? ????? ????? ??? ???, Std9_Ch2_SaduRup.",????,??? ????,?????? ??????,,
http://www.youtube.com/watch?v=hscVQLPBytI,?? ???????? ????????? n-???,"?? ???????? ????????? n-??? , Std_9_Ch2_NthRoot, nth root of positive real number in Gujarati.",????,??? ????,?????? ??????,,
http://www.youtube.com/watch?v=2M8g-bRxNLA,?X2 ???? ?????? ??? ????????? ???????,"X2 ???? ?????? ??? ????????? ??????? , square root properties in Gujarati, Std9_Ch2_Properties.",????,??? ????,?????? ??????,,
http://www.youtube.com/watch?v=5j_1gSqCQQo,?????? ???? ???? ??,"?????? ???? ???? ??, ??????? ????????????? ??????.",???????,??????? ???????,?????,?????????? ???????,
http://www.youtube.com/watch?v=uIYg1OuJS4E,??????? ????? ??????,"??????? ????? ?????? ------------------------ ???????? ??????? (?????: ???? , ?????: ???? ) ???????? ???????? ????????? ???? ?????? ???????? ???????? ???? ?...",???????,??????? ???????,?????,?????????? ???????,
http://www.youtube.com/watch?v=lzq7BiqlVNg,?? ???????? ????????? n-???,"?? ???????? ????????? n-???, nth root of a positive real number in Gujarati.",????,??? ????,?????? ??????,,
http://www.youtube.com/watch?v=t7GbpTbeR9s,??????? ????_? ?? ??,??????? ????_? ?? ??.,????,??? ???????,??????? - ????,?????????? ???????,
http://www.youtube.com/watch?v=cTxMpJ3HP6A,????????? ?????????? ?? ??????,"????? ??? ?????? ?????????? ?????????? ?? ?????? , ???????? ????????? ?????????? ?? ??????.",????,??? ????,?????? ??????,,
http://www.youtube.com/watch?v=et1P6Z2WaUE,?????? ??????_????? ??????????_??? 3,?????? ??????_???????? ?????? ??? ??? ????? ?????????? _??? 3 ????? ??? ?????? ?????????? ????????.,????,??? ????,?????? ??????,,
http://www.youtube.com/watch?v=V4ONRWypoGE,?????? ??????_????? ??????????_??? ?,?????? ??????_???????? ?????? ??? ??? ????? ?????????? _??? ?.,????,??? ????,?????? ??????,,
http://www.youtube.com/watch?v=VlD0S6Zssm0,?????? ??????_????? ??????????_??? ?,?????? ?????? : ???????? ?????? ??? ??? ????? ?????????? - ??? ?.,????,??? ????,?????? ??????,,
http://www.youtube.com/watch?v=XIR8E6XNYqw,?????? ??????_?,?????? ??????.,????,??? ????,?????? ??????,,
http://www.youtube.com/watch?v=DB8-wIRb2C4,?'?????? ?? ?????,?'?????? ?? ?????.,????,?? ??????,????????,,
http://www.youtube.com/watch?v=JeBAN0mHgTI,?????????? ?? ?????,?????????? ?? ?????.,????,?? ??????,????????,,
http://www.youtube.com/watch?v=alD3GnfI3-c,????????????  ????????? ?? ??????,"???????????? ????????? ?? ?????? , ??????????? ?????? ?? ?????.",????,?? ??????,????????,,
http://www.youtube.com/watch?v=3jNGdQo0BNY,????????????  ????????? ?? ??????,"???????????? ????????? ?? ?????? , ??????????? ?????? ?? ?????.",????,?? ??????,????????,,
http://www.youtube.com/watch?v=YiBd8Tb9zcg,????????? ??? ??????????? ????????_???_?,?? ????? : ????????? ??? ??????????? ???????? : ??? 3.,????,?? ??????,????????,,
http://www.youtube.com/watch?v=Yf7gia0LKrI,????????? ??? ??????????? ????????_???_?,?? ????? : ????????? ??? ??????????? ???????? : ??? 2.,????,?? ??????,????????,,
http://www.youtube.com/watch?v=JvDfTw4sMII,????????? ??? ??????????? ????????_???_?,?? ????? : ????????? ??? ??????????? ???????? : ??? ?.,????,?? ??????,????????,,
http://www.youtube.com/watch?v=WlVayDWR_ZY,??????????? ???????? : ???_?,??????????? ???????? : ??? 1.,????,?? ??????,????????,,
http://www.youtube.com/watch?v=mmP7skOQaio,???? ??? ?????? ?? ???? ???? ????.,"???? ??? ?????? ?? ???? ???? ????, powerpoint animation, creativity in powerpoint,",???????,??? ???????,??????,?????????? ???????,
http://www.youtube.com/watch?v=dhPphOSB44Q,?? ????? _ ???_?,?? ????? _ ???_?.,????,?? ??????,????????,,
http://www.youtube.com/watch?v=WBJ4q5Ak5-c,???? ??????? ???? ????,"?????? ? , ????????, ??????? ???????, ???? ??????? ???? ????,powerpoint animation, creativity in powerpoint,",???????,??? ???????,??????,?????????? ???????,
http://www.youtube.com/watch?v=4vKdxrGtS9w,??????? ???? ?????,"??????? ???? ?????, ???????? , ??????? ??????? ??? ???????,powerpoint animation, creativity in powerpoint,",???????,??? ???????,??????,?????????? ???????,
http://www.youtube.com/watch?v=-kWh1iO1Oj8,??? ????_?????????,"?????????, Music Instruments name in Gujarati.",???????,??? ???????,??? ????,?????????? ???????,
http://www.youtube.com/watch?v=RI3Av5QWQgo,??????? ???? ? ?? ???,"??????? ???? ? ?? ??? , Gujarati_Numbers_1 to 100.",????,??? ???????,???????-????,?????????? ???????,
http://www.youtube.com/watch?v=6OUQwSqhvZI,??????? ???? ? ?? ??,??????? ???? ? ?? ?? Gujarati_Numbers_1 to 50.,????,??? ???????,???????-????,?????????? ???????,
http://www.youtube.com/watch?v=R7nk2emAVG0,????? ???? ?????? : ???_?,??????? ?????? ??? ??????? ????? ?????? ?????? ?? ?????? ?????? ?????? ?????. ??????? ????? Shapes Introduction in Gujarati.,???????,??? ???????,?????,?????????? ???????,
http://www.youtube.com/watch?v=FC0u_e1WheQ,????? ???? ??????,??????? ?????? ??? ??????? ????? ?????? ?????? ?? ?????? ?????? ?????? ?????. Shapes Introduction in Gujarati.,???????,??? ???????,?????,?????????? ???????,
http://www.youtube.com/watch?v=5zFF5JRCYVs,"??????? ????????? , ?????","Gujarati kakko,????? - ??????? ????????? ,Gujarati Consonants.",???????,??? ???????,??????? ???????,?????????? ???????,
http://www.youtube.com/watch?v=PHdr7xRrFnQ,??????? ???????_?,"??????? ???????,Barakhadi_KH_Animation.",???????,??? ???????,??????? ???????,?????????? ???????,
http://www.youtube.com/watch?v=wy0aHBYJF8w,??????? ???????_?,??????? ??????? Gujarati Barakhadi _K_video.,???????,??? ???????,??????? ???????,?????????? ???????,
http://www.youtube.com/watch?v=rhLFWC5KD5A,???-???_???_?,"???-???_???_?, Profit_Loss_Part7.",????,??? ????,???-???,,
http://www.youtube.com/watch?v=jGKmq8-WSro,???-???_???_?,"???-???_???_?, Profit_Loss_Part6.",????,??? ????,???-???,,
http://www.youtube.com/watch?v=4A08KofyDVI,???-???_???_?,"???-???_???_?, Profit_Loss_Part5.",????,??? ????,???-???,,
http://www.youtube.com/watch?v=ifGCPBhWuKc,???-???_???_?,???-???_???_?.,????,??? ????,???-???,,
http://www.youtube.com/watch?v=lCH9jpXS6DE,???-???_???_?,"???-???_???_?, Profit_Loss_Part3.",????,??? ????,???-???,,
http://www.youtube.com/watch?v=qdyp1qfSA0I,????? ?????_???_?,"????? ?????_???_?, Interest in Gujarati.",????,??? ????,???-???,,
http://www.youtube.com/watch?v=z_NR_NzirCU,"??????,","??????, Average.",????,??? ????,???-???,,
http://www.youtube.com/watch?v=06A-GxfAKmE,???-???_???_?,"???-???_???_?, Profit Loss2.",????,??? ????,???-???,,
http://www.youtube.com/watch?v=W9QGIx2UmNk,???-???_???_?,"???-???_???_?, Profit_Loss1.avi.",????,??? ????,???-???,,
http://www.youtube.com/watch?v=eCltk7t39gE,???? ???? ?????? ????????????,            <media:description type='plain'/>,??????????,???? ????? ?????,?????,,
http://www.youtube.com/watch?v=bFsBacHDscc,????? ?????? _??????_?,"????? ?????? _?????? ?, Rational Index Examples 2.",????,??? ????,???????? ??????,,
http://www.youtube.com/watch?v=XMpcq_ssWJk,????? ??????_??????_?,"????? ??????_??????_?, Rational Index Examples 1 www.evidyalay.net.",????,??? ????,???????? ??????,,
http://www.youtube.com/watch?v=T9effEzJ_TE,????? ??????_???_?,"????? ??????_???_?, Rational Index 2 www.evidyalay.net.",????,??? ????,???????? ??????,,
http://www.youtube.com/watch?v=yzixCLAZtOo,????? ??????_???_?,????? ?????? 1 www.evidyalay.net.,????,??? ????,???????? ??????,,
http://www.youtube.com/watch?v=3G3q7EEglCM,"???????? ??????? : ???? ??? ????? : ?????? ?,","???????? ??????? : ???? ??? ????? :???????, Real Number Examples2 www.evidyalay.net.",????,??? ????,???????? ??????,,
http://www.youtube.com/watch?v=BwUD7N4RMqM,???????? ???????? ??????,"???????? ???????? ??????, Real Number Modulus www.evidyalay.net.",????,??? ????,???????? ??????,,
http://www.youtube.com/watch?v=M-K5_Yzt8qA,"???????? ??????? : ???? ??? ????? :?????? ?,","???????? ??????? : ???? ??? ????? :?????? ?, Real Number Examples1 www.evidyalay.net.",????,??? ????,???????? ??????,,
http://www.youtube.com/watch?v=AWUlPTRmymE,???????? ??????? : ??????? ??????? ??????_???_?,"???????? ??????? : ??????? ??????? ??????_???_? , Real Number Characteristics2 in Gujarati www.evidyalay.net.",????,??? ????,???????? ??????,,
http://www.youtube.com/watch?v=s2T6sQlUo9Y,???????? ??????? : ???????  ??????? ??????_???_?,"???????? ??????? : ??????? ??????? ??????_???_? , Real Number Characteristics1 in Gujarati www.evidyalay.net.",????,??? ????,???????? ??????,,
http://www.youtube.com/watch?v=msj6mOE_MgY,???????? ??????? - ???? ??? ?????,"???????? ??????? - ???? ??? ?????, Real Number Equality Inequality in Gujarati www.evidyalay.net.",????,??? ????,???????? ??????,,
http://www.youtube.com/watch?v=EOjPtajuMlo,???????? ????????? ?????? ??? ??????? ???? ????????_???_?,???????? ????????? ?????? ??? ??????? ???? ???????? - part2 www.evidyalay.net.,????,??? ????,???????? ??????,,
http://www.youtube.com/watch?v=aSqIsd2yxmg,?????? ????????? ?????????? ?? ??????,?????? ????????? ?????????? ?? ?????? www.evidyalay.net.,????,??? ????,???????? ??????,,
http://www.youtube.com/watch?v=XDsU0rntSqQ,Vedic Math 12 Gujarati,"????? ???? ?? ????? ?????? ???? ??????? - part2, Vedic Math 12 Gujarati.",????,????? ?????? ????,????? ????,,
http://www.youtube.com/watch?v=Byg578s7_fY,????? ????_??,????? ???? ?? ????? ?????? ???? ??????? - part1 or ????? ?????? ???? ? ??? ??????? www.evidyalay.net.,????,????? ?????? ????,????? ????,,
http://www.youtube.com/watch?v=K9XyRaTUpcs,???????????_???_?,"???????????_???_?, Numer kowledge 2.",????,??? ????,???????????,,
http://www.youtube.com/watch?v=457RwbBJUGU,"???????????_???_?,","???????????_???_?, Number Kowledge 1.",????,??? ????,???????????,,
http://www.youtube.com/watch?v=NAkhMEPIekQ,?????????? ?????? ?????,?????????? ?????? ????? - Sky is the Limit Invention of Mankind.,????,???? ????? ?????,??? ???????,?????????? ???????,
http://www.youtube.com/watch?v=Z9EqMb-Jp74,????????? ?????? ?????????? ????? (???????? ????),"????????? ?????? ?????????? ????? (???????? ????), Expansion Geometry Square.",????,??? ????,???????,,
http://www.youtube.com/watch?v=fNYVTbZvG8s,Vedic Math 8 English,Vedic Math_Part_8.,????,????? ?????? ????,????? ????,,
http://www.youtube.com/watch?v=UtruY4Q0xLY,Vedic Math_(Part4),Vedic Math_Part_4.,????,????? ?????? ????,????? ????,,
http://www.youtube.com/watch?v=u6N8JHoyTgY,????? ????_?,"????? ????_?, ????? ???? ?? ????? ???? ?? ???? ?????? ???????? ????????? ???? ??????? ??? www.evidyalay.net.",????,????? ?????? ????,????? ????,,
http://www.youtube.com/watch?v=7A4nohz8atQ,????? ????_???_?,"????? ????_???_?, ????? ???? ?? ????? ???? ?? ???? ???? ??????? ??????.",????,????? ?????? ????,????? ????,,
http://www.youtube.com/watch?v=nEGCSDBUHSo,????? ????_?,"????? ????_???_?, Vedic Math 3 Gujarati ????? ???? ?? ????? ???? ????? -? ?????? ?????????? ???: (Part 2)",????,????? ?????? ????,????? ????,,
http://www.youtube.com/watch?v=BBRP27GTvNc,????? ????_?,"????? ????_???_?, www.evidyalay.net ????? ???? ?? ????? ???? ????? -? ?????? ?????????? ???: (Part 1)",????,????? ?????? ????,????? ????,,
http://www.youtube.com/watch?v=Tlqmqz-MKQs,????? ????_?,"????? ????_???_?, ????? ???? ?? ????? ???? ????? - ? ???????? ??????? www.evidyalay.net.",????,????? ?????? ????,????? ????,,
http://www.youtube.com/watch?v=SlMcfJqvBC4,?????? ???????_???_?,"?????? ???????_??? ?, ???????? ?????? ??? ? www.evidyalay.net.",????,??? ????,???????? ??????,,
http://www.youtube.com/watch?v=mRlE4AaexB8,?? ?????_???_3,?? ?????_???_3 www.evidyalay.net.,????,?? ??????,?? ?????,,
http://www.youtube.com/watch?v=R6LNBOu__zM,?? ?????_???_?,?? ?????_???_? www.evidyalay.net.,????,?? ??????,?? ?????,,
http://www.youtube.com/watch?v=MgdhtLqOOVs,?? ?????_???_?,?? ?????_???_? www.evidyalay.net.,????,?? ??????,?? ?????,,
http://www.youtube.com/watch?v=NaCevMSnqM4,????????_???_??,"????????_???_??, Factorisation_Part12.",????,??? ????,????????,,
http://www.youtube.com/watch?v=rNiDoB3RMno,?????? ????? (????????? ????? - 2),"?????? ????? (????????? ????? - 2), Equation Developmental 2.",????,??????,?????? (?? ??),,
http://www.youtube.com/watch?v=DM6IBhz5okw,?????? ?????_???_?,"?????? ?????_???_?, Equation.",????,??????,?????? (?? ??),,
http://www.youtube.com/watch?v=f8GVuJClDRM,Equation Developmental 1,?????? ????? (????????? ????? - ?),????,??????,?????? (?? ??),,
http://www.youtube.com/watch?v=1k_Pq4ahwHg,????????_???_?,"????????_???_?, Factorisation.",????,??? ????,????????,,
http://www.youtube.com/watch?v=9xNINRBiDy4,"???????? ????? - ????? ???????? ???????? ?????,","???????? ????? - ????? ???????? ???????? ?????, Introduction to addition. Multiple visual ways to represent addition.",????,??? ????,??????,,
http://www.youtube.com/watch?v=4Uvy_4TdMHw,???????? ??????? - ???_?,"???????? ??????? - ???_?, Polynomial Division 2.",????,??? ????,??????,,
http://www.youtube.com/watch?v=lVEnRjhcn3A,???????? ??????? - ???_?,"???????? ??????? - ???_?, Polynomial Division 1.",????,??? ????,??????,,
http://www.youtube.com/watch?v=OStEPWyB4_E,????????_???_??,"????????_???_??, Factorisation 11.",????,??? ????,????????,,
http://www.youtube.com/watch?v=ycEIiCUtZ8k,????????_???_??,"????????_???_??,",????,??? ????,????????,,
http://www.youtube.com/watch?v=YzjI3aPFCvg,????????_???_?,"????????_???_?, Factorisation.",????,??? ????,????????,,
http://www.youtube.com/watch?v=Gzxuc7EZ71w,????????_???_?,"????????_???_?, Factorisation.",????,??? ????,????????,,
http://www.youtube.com/watch?v=c6tyGEO2ijM,????????_???_?,"????????_???_?, Factorisation.",????,??? ????,????????,,
http://www.youtube.com/watch?v=NdvFCelNFvg,????????_???_?,"????????_???_?, Factorisation.",????,??? ????,????????,,
http://www.youtube.com/watch?v=v53Ned-qx58,????????_???_?,"????????_???_?, Factorisation.",????,??? ????,????????,,
http://www.youtube.com/watch?v=tAdsLRZF_5U,????????_???_?,"????????_???_?, Factorisation_Part4.",????,??? ????,????????,,
http://www.youtube.com/watch?v=7OWNXOFKc-c,????????_???_?,"????????_???_?, Factorisation,",????,??? ????,????????,,
http://www.youtube.com/watch?v=cDU6MidYzYA,????????_???_?,"????????_???_?, Factorisation.",????,??? ????,????????,,
http://www.youtube.com/watch?v=ORiVvt4YhKQ,????? ????_?,"????? ????_?, ????? ???? ?? ????? ???? - ? ????? - ??, ????????? ???????, Vedic Math 7 Gujarati.",????,????? ?????? ????,????? ????,,
http://www.youtube.com/watch?v=Os8S-0Mar8U,?????????? ????? - ???????? ???? ????????? ????,"?????????? ????? - ???????? ???? ????????? ????, Expansion Geometry Cube.",????,??? ????,???????,,
http://www.youtube.com/watch?v=8IlI_pCOJkk,????????? ??????? ????? ?????????? ?????? ?? ?????.,"????????? ??????? ????? ?????????? ?????? ?? ?????., Expansion Arithmetic cube.",????,??? ????,???????,,
http://www.youtube.com/watch?v=-IHoLp0GyvE,Expansion dvipadi tripadi,??????? (??????? ??? ??????? ) www.evidyalay.org.,????,??? ????,???????,,
http://www.youtube.com/watch?v=RbfypLNz3UU,????????? ???? ????????? ?????_???_?,"????????? ???? ????????? ?????_???_?, Expansion Cube Example part2.",????,??? ????,???????,,
http://www.youtube.com/watch?v=VLPrEb5z_gM,????????? ???? ????????? ????? - ???_?,"????????? ???? ????????? ????? - ???_?, Expansion Cube Example Part1.",????,??? ????,???????,,
http://www.youtube.com/watch?v=dJtctj1a16U,????????? ???? ?????????? ?????,"????????? ???? ?????????? ?????, Expansion cube.",????,??? ????,???????,,
http://www.youtube.com/watch?v=KP4trqKV2nY,Expansion Find a value,????????? ??????? ????? ????? ????. Expansion Find a value.,????,??? ????,???????,,
http://www.youtube.com/watch?v=L-LhAUwv3w0,????????? ?????? ?????????? ?????,"????????? ?????? ?????????? ?????, Expansion tripadi square.",????,??? ????,???????,,
http://www.youtube.com/watch?v=zdLZ2C3ZLFk,????????? ?????? ????????? ?????,"????????? ?????? ????????? ?????, Expansion Equation2.",????,??? ????,???????,,
http://www.youtube.com/watch?v=uPEsjt9bHBI,"????????? ????????? ??????,","????????? ????????? ??????, Expantion Equation.",????,??? ????,???????,,
http://www.youtube.com/watch?v=MdhnHv4qOKc,????????? ???????? ????? ???????,"????????? ???????? ????? ???????., Expansion Arithmetic.",????,??? ????,???????,,
http://www.youtube.com/watch?v=W7EL0MKHA7M,????????? ????????? ??????,"????????? ????????? ??????, Expansion_Part3.",????,??? ????,???????,,
http://www.youtube.com/watch?v=YB19uiyseFQ,???????_???_?,??????? www.evidyalay.org.,????,??? ????,???????,,
http://www.youtube.com/watch?v=xQAErZHwi5g,???????_???_?,"???????_???_?, Expansion.",????,??? ????,???????,,
http://www.youtube.com/watch?v=Fs5PFcgbx70,Simple Equation4,?????? ????? (part 4 ) www.evidyalay.org.,????,??????,?????? (?? ??),,
http://www.youtube.com/watch?v=JKKWyN7W6MQ,?????? ?????_???_?,"?????? ?????_???_?, Simple Equation3.",????,??????,?????? (?? ??),,
http://www.youtube.com/watch?v=1rZcaMvl3bI,?????? ????? - (???_?),"?????? ????? - (???_?), Simple Equation2.",????,??????,?????? (?? ??),,
http://www.youtube.com/watch?v=gwMAR0iPgM4,?????? ?????_???_?,"?????? ?????_???_?, Simple Equation1.",????,??????,?????? (?? ??),,
http://www.youtube.com/watch?v=ENdtWElVbaU,?????? ?????_???_?,?????? ?????_????.,????,??????,?????? (?? ??),,
http://www.youtube.com/watch?v=jSiRWoq3OE4,?????? ????? - (???_?),"?????? ????? - (???_?), Equation3.",????,??????,?????? (?? ??),,
http://www.youtube.com/watch?v=r6GomLklmcA,?????? ?????_???_?,"?????? ?????_???_?, Equation2.",????,??????,?????? (?? ??),,
http://www.youtube.com/watch?v=erWYB0GIcm8,Equation1,?????? ????? www.evidyalay.org.,????,??????,?????? (?? ??),,
http://www.youtube.com/watch?v=TsgqiaDFs7E,????? ????_??,????? ???? ?? ????? ???? (part 10) www.evidyalay.net.,????,????? ?????? ????,????? ????,,
http://www.youtube.com/watch?v=QBQoJN6qQMY,????? ????_?,"????? ???? ?? ????? ???? (part - 9) ????? - ?, ???????????????????, Vedic Math 9 Gujarati www.evidyalay.net.",????,????? ?????? ????,????? ????,,
http://www.youtube.com/watch?v=Ksej0Twjk_E,????? ????_?,"????? ???? ?? ????? ???? (part 8), Vedic Math 8 Gujarati www.evidyalay.net.",????,????? ?????? ????,????? ????,,
http://www.youtube.com/watch?v=284gIBVH080,"??????? ????, ?????? ??? ?????????","??????? ????, ?????? ??? ????????? Gujarati Vowels, Gujarati Consonents, Gujarati Barakshri, ??????? ????, ??????? ??????, ??????? ????????? www.evidyalay.org.",???????,??? ???????,??????? ????-?????? ?????,,
http://www.youtube.com/watch?v=USTa5jisCcU,"??????? ???????? ???? - ?????? ?????,","??????? ???????? ???? - ?????? ?????, Gujarati Alphabets Group 3.",???????,??? ???????,??????? ????-?????? ?????,,
http://www.youtube.com/watch?v=ICo_NWklMF0,??????? ???????? ???? - ?????? ?????_???_?,"??????? ???????? ???? - ?????? ?????, Gujarati Alphabets Group 2.",???????,??? ???????,??????? ????-?????? ?????,,
http://www.youtube.com/watch?v=8OBAY9cm1NY,??????? ???????? ???? - ?????? ?????_???_?,"??????? ???????? ???? - ?????? ?????, Gujarati Alphabets Group 1.",???????,??? ???????,??????? ????-?????? ?????,,
http://www.youtube.com/watch?v=pUc9D8BXG6U,Mahavir Swami,?????? ?????? www.evidyalay.org.,??????????,??? ??????? - ??????,??????? - ??????,,
http://www.youtube.com/watch?v=A2XVEOrr2YU,???? ?????,"?????? - ???? ?????, Gautam Buddha.",??????????,??? ??????? - ??????,??????? - ??????,,
http://www.youtube.com/watch?v=iCtrxEMcgaQ,Krushna Sudama,????? ?????? www.evidyalay.org.,??????????,??? ??????? - ??????,??????? - ??????,,
http://www.youtube.com/watch?v=2AoosLSWp4E,??????,"?????? - ??????, Eklavy.",??????????,??? ??????? - ??????,??????? - ??????,,
http://www.youtube.com/watch?v=0RPGW3Sf-XE,?????,"?????? - ?????, Shravan.",??????????,??? ??????? - ??????,??????? - ??????,,
http://www.youtube.com/watch?v=VA6EB71jVGs,?? - ???,"?????? - ?? - ???, Lav Kush.",??????????,??? ??????? - ??????,??????? - ??????,,
http://www.youtube.com/watch?v=8vdzc8jGMB4,????,"?????? - ????, Shabri ??????.",??????????,??? ??????? - ??????,??????? - ??????,,
http://www.youtube.com/watch?v=PgruqQNfqsw,?????,"?????, Dhruv.",??????????,??? ??????? - ??????,??????? - ??????,,
http://www.youtube.com/watch?v=7BA7EP1kHCA,???? - (???_?),"???? - (???_?), Brackets_2.",????,??? ????,????,,
http://www.youtube.com/watch?v=ZkJ_YWFQ89g,???? - (???_?),"???? - (???_?), Brackets 1.",????,??? ????,????,,
http://www.youtube.com/watch?v=x-MTBSz7znE,Factorisation,???? www.evidyalay.org.,????,??? ????,????????,,
http://www.youtube.com/watch?v=Yc4aTubDPPI,??????_???_?,"??????_???_?, Polynomials_Part5 in Gujarati.",????,??? ????,??????,,
http://www.youtube.com/watch?v=eo3FzRswqBk,?????? - ???_?,"?????? - ???_?, Polynomials in Gujarati.",????,??? ????,??????,,
http://www.youtube.com/watch?v=4PXI3h6jrQY,??????_???_?,"??????_???_?, Polynomials in Gujarati.",????,??? ????,??????,,
http://www.youtube.com/watch?v=ra47RB-qEmU,Polynomials_2,?????? Polynomials in Gujarati.,????,??? ????,??????,,
http://www.youtube.com/watch?v=KLqjo7lWb3o,"?????? , ??????","?????? , ?????? Equation in Gujarati.",????,??? ????,?????? (?? ??),,
http://www.youtube.com/watch?v=YPgN1k4x_MQ,?????? ??????,"?????? ??????, Unknown Numbers in Gujarati.",????,??? ????,?????? ??????,,
http://www.youtube.com/watch?v=LNvtoHEiUhc,????? ????_?,????? - ?? : ????????? ??????? ????? ???? ?? ????? ???? www.evidyalay.net.,????,????? ?????? ????,????? ????,,
http://www.youtube.com/watch?v=pfNX5DQ5qfk,????? ????_?,"?????????? ?: ????????? ???????????? ???? ? ???????? , ????? ???? ?? ????? ????, Vedic Math 4 Gujarati.",????,????? ?????? ????,????? ????,,
http://www.youtube.com/watch?v=AcQLQ5f7K9s,??????? ???? ???? - ?????? ??? ????? ?????_??? -?,"??????? ???? ???? - ?????? ??? ????? ?????_??? -?, Learn Gujarati Numbers 1.",????,??? ???????,??????? ????-?????? ?????,,
http://www.youtube.com/watch?v=8yrF0zJ7Cnc,??????? ????? ?????? ????? : ???_?,"??????? ????? ?????? ????? : ???_?, Learn Gujarati Words 4.",???????,??? ???????,??????? ????-?????? ?????,,
http://www.youtube.com/watch?v=PvHxA3DQ2fE,??????? ????? ?????? ?????_???_?,"??????? ????? ?????? ?????_???_?, Learn Gujarati Words 3.",???????,??? ???????,??????? ????-?????? ?????,,
http://www.youtube.com/watch?v=P1GZwaFXMdg,??????? ????? ?????? ?????_???_?,??????? ????? ?????? ????? : ??? - ?.,???????,??? ???????,??????? ????-?????? ?????,,
http://www.youtube.com/watch?v=y9K08GwBEXo,??????? ????? ?????? ????? : ??? -?,"??????? ????? ?????? ????? : ??? -?, Learn Gujarati Words 1.",???????,??? ???????,??????? ????-?????? ?????,,
http://www.youtube.com/watch?v=CytZLotOqpQ,"?????? - ????????? ????????? ??? ????,","?????? - ????????? ????????? ??? ????, Cylinder Area Volume in Gujarati.",????,??????,?????? ,,
http://www.youtube.com/watch?v=xIBt-VUbG2w,"?????? - ????????,","?????? - ????????, Quadrangular in Gujarati.",????,??????,????????,,
http://www.youtube.com/watch?v=y7E2pJbquzA,?????? - ?????? ????? ??? ???? ???????? ???? ??????? ???,"?????? - ?????? ????? ??? ???? ???????? ???? ??????? ???, Angles formed between transversals and parallel lines in Gujarati.",????,??????,????,,
http://www.youtube.com/watch?v=f8hQsc4fOJ0,?????? -  ??????? ????? ?????? (???-?),"?????? - ??????? ????? ?????? (???-?), Angle Pair in Gujarati (Part - 2)",????,??????,????,,
http://www.youtube.com/watch?v=OdZ15ypkdmc,"?????? -  ??????? ????? ??????,","?????? - ??????? ????? ??????, Angle Pair in Gujarati (Part - 1)",????,??????,????,,
http://www.youtube.com/watch?v=ta5f-x52sqI,?????? -  ????,"?????? - ????, Angle in Gujarati.",????,??????,????,,
http://www.youtube.com/watch?v=47wkzCDDiKc,"?????? -  ????,","?????? - ????, Volume in Gujarati.",????,??????,????,,
http://www.youtube.com/watch?v=h8q7eWr1QSU,"?????? -  ????????? ?????????,","?????? - ????????? ?????????, Circle Area in Gujarati.",????,??????,??????,,
http://www.youtube.com/watch?v=yYtGS6DAUTA,?????? -  ???????? ????,"?????? - ???????? ????, Circle Circumference in Gujarati.",????,??????,??????,,
http://www.youtube.com/watch?v=sTEEjw3bfic,Area Perimeter,?????? - ??????? ??? ????????? Area - Perimeter in Gujarati www.evidyalay.org.,????,??????,???????,,
http://www.youtube.com/watch?v=nmPpLJhk62s,"????? ???? ???? ?????_????? ?? ??????,","????? ???? ???? ?????_????? ?? ??????, Angles in Gujarati How to measure An Angle in Gujarati.",????,??????,????,,
http://www.youtube.com/watch?v=Zwpdpd-jlFE,"??????- ???????? ????????? ???? ??????,","??????- ???????? ????????? ???? ??????, Geometry Circle Area Introduction.",????,??????,??????,,
http://www.youtube.com/watch?v=hl7sRUaXm6M,?????? - ???????? ??????? ???? ??????,"?????? - ???????? ??????? ???? ??????, Geometry Circle Circumference Introduction in Gujarati.",????,??????,??????,,
http://www.youtube.com/watch?v=IhNCfjeHLR0,"?????? - ??????, ????????, ?????, ????,","?????? - ?????? , ????????, ?????, ????, Geometry Circle.",????,??????,??????,,
http://www.youtube.com/watch?v=n6zgIg_l3Ik,"?????? - ??????? ??? ?????????  ???? ???????? ?????,","?????? - ??????? ??? ????????? ???? ???????? ?????, Geometry Square Perimeter Area Introduction in Gujarati.",????,??????,??????? ??? ?????????,,
http://www.youtube.com/watch?v=9ZGIg-jeciA,?????? -  ????????? ???,"?????? - ????????? ???, Geometry Triange game in Gujarati.",????,??????,???????,,
http://www.youtube.com/watch?v=62rTvOqwlzY,Geometry Triangle,?????? - ? ??????? ???? ?????? Geometry Triangle in Gujarati www.evidyalay.org.,????,??????,???????,,
http://www.youtube.com/watch?v=dJS3m8cZ-CY,"?????? - ???? ??? ??? ????? ?????? ??????,",?????? - ? ???? ??? ??? ????? ?????? ?????? www.evidyalay.org Geometry Angle Measurement in Gujarati.,????,??????,????,,
http://www.youtube.com/watch?v=SPF44Mzf9MQ,???? - ???????,???? - ??????? Square in Gujarati.,????,??? ????,????-???????,,
http://www.youtube.com/watch?v=C56fgsZH4HY,???????,??????? Square root in Gujarati.,????,??? ????,???????,,
http://www.youtube.com/watch?v=_BVC6T82ViA,Exponent Level2,??? - ?????? - 2 Exponent in Gujarati. ( Level 2) http://evidyalay.org/,????,??? ????,???-??????,,
http://www.youtube.com/watch?v=TT9PGnLgjT0,"??? - ??????  (???_?),","??? - ?????? (???_?), Exponent in Gujarati.",????,??? ????,???-??????,,
http://www.youtube.com/watch?v=DM_qbtLFdrg,"????? ??????? ??????? ????? ???? ?? ????,","????? ??????? ??????? ????? ???? ?? ????, Introduction to Order of Operation in Gujarati.",????,??? ????,????,,
http://www.youtube.com/watch?v=-Y_emibHkZM,"????? ??????? ??????? ????? ???? ?? ???? ?? ??? ??? ???? ?????,","????? ??????? ??????? ????? ???? ?? ???? ?? ??? ??? ???? ?????, More Complicated Order of Operation Example in Gujarati.",????,??? ????,????,,
http://www.youtube.com/watch?v=7F_W66uf1h4,"????????? ??????? ??? ???????,","????????? ??????? ??? ???????, Fraction's Multiplication in Gujarati.",????,??? ????,????????? ???????,,
http://www.youtube.com/watch?v=lalk-6Tmp6s,"????????? ??????? ??? ???????,","????????? ??????? ??? ???????, Fraction's Division in Gujarati.",????,??? ????,????????? ???????,,
http://www.youtube.com/watch?v=bFUsVhcdC7A,????????? ??????? ??? ?????? - ???????,"????????? ??????? ??? ?????? - ???????, Fraction's Addition Subtraction in Gujarati.",????,??? ????,????????? ???????,,
http://www.youtube.com/watch?v=R0TMMNeA4Uw,"???????? ??????, ?? ?????? ?? ??????? - ???????","???????? ??????, ?? ?????? ?? ??????? - ??????? Integer Number's Multiplication Division in Gujarati.",????,??? ????,"?? ??????, ???????? ??????",,
http://www.youtube.com/watch?v=yqc7NBAkNIk,"???????? ??????, ?? ?????? ?? ??????- ???????","???????? ?????? , ?? ?????? ?? ??????- ??????? Integer Numbers's Addition Subtraction in Gujarati.",????,??? ????,"?? ??????, ???????? ??????",,
http://www.youtube.com/watch?v=BUWdFzWRPss,"???????? ??????, ?? ?????? ???? ??????,","???????? ??????, ?? ?????? ???? ??????, Integer Numbers.",????,??? ????,"?? ??????, ???????? ??????",,
http://www.youtube.com/watch?v=a_4F8ShYuw4,????? ???????,"????? ???????, Whole Numbers in Gujarati,",????,??? ????,????? ??????,,
http://www.youtube.com/watch?v=MGE3GkGxak0,Least Common Multiple (Gujarati),??????? ??????? ????? Least Common Multiple in Gujarati http://evidyalay.org/,????,??? ????,????,,
http://www.youtube.com/watch?v=LLyu0NNXS8Y,???????? ??????? ????,???????? ??????? ???? Greatest Common Divisor in Gujarati.,????,??? ????,????,,
http://www.youtube.com/watch?v=AMn-aZ7-EJM,"??????????? ?????_?,? ??? ? ?? ????","??????????? ?????_?,? ??? ? ?? ????, 2,3 and 5's key (Gujarati)",????,??? ????,????,,
http://www.youtube.com/watch?v=wvEJrG81Id4,7 and 11's key (Gujarati),àªµàª¿àªàª¾àªœà« àª¯àª¤àª¾àª¨à«€ àªšàª¾àªµà«€àª“ à« àª…àª¨à«‡ à«§à«§ àª¨à«€ àªšàª¾àªµà«€ http://evidyalay.org/,????,??? ????,????,,
http://www.youtube.com/watch?v=g1R0CVNnGQ8,"???? ???? ???????? ??????,","???? ???? ???????? ??????, Factor Introduction (Gujarati)",????,??? ????,????,,
http://www.youtube.com/watch?v=ThNEPLTboKw,????????? ????????? ????? ????????? ?????????? ????????? ???.,????????? ????????? ????? ????????? ?????????? ????????? ???. Convert Fraction to Decimal in Gujarati.,????,??? ????,????????? ???????,,
http://www.youtube.com/watch?v=1Twsgx6O0po,????? ????????? ???? ??????,"????? ????????? ???? ??????, Decimal Introduction (Gujarati)",????,??? ????,????? ????????? ???????,,
http://www.youtube.com/watch?v=YO32ED-z7HE,"????? ?????????, ?????? ????????? ??? ????? ?????????","????? ?????????, ?????? ????????? ??? ????? ?????????.",????,??? ????,????????? ???????,,
http://www.youtube.com/watch?v=m8f22zQQLqk,????????? ?????? ???? ????? ??????,"????????? ?????? ???? ????? ??????, Fraction2 in Gujarati.",????,??? ????,????????? ???????,,
http://www.youtube.com/watch?v=c63rjsD9D8o,Fraction Introduction,????????? ?????? ???? ?????? http://evidyalay.org/,????,??? ????,????? ???????,,
http://www.youtube.com/watch?v=Ch3HL0m_RLg,Multiplication6:  Multiple Digit Numbers,"????, ???, ???? ?????? ????????? ??????? http://evidyalay.org/",????,??? ????,???????,,
http://www.youtube.com/watch?v=0S8JfctY8gY,Multiplication5: 2 digit times a 2 digit number,?? ??? ???? ??????? ????? ??????? http://evidyalay.org/,????,??? ????,???????,,
http://www.youtube.com/watch?v=PDLkw57qXa8,"?? ????? ???????? ?? ????? ?????? ??? ???????,","?? ????? ???????? ?? ????? ?????? ??? ???????, Multiplication4: 2 digit times 1 digit number.",????,??? ????,???????,,
http://www.youtube.com/watch?v=cOfEMCbPLc4,Why Borrowing works in Subtraction Gujarati,?????????? ???? ?????? ?????? ???? ???? ??? ??? ??? http://evidyalay.org/,????,??? ????,???????,,
http://www.youtube.com/watch?v=J5yo-wA36vo,"?????????? ??,?? ??? ?? ??? ?????,","?????????? ??,?? ??? ?? ??? ?????, Multiplication 3: 10,11,12 times tables.",????,??? ????,???????,,
http://www.youtube.com/watch?v=isRaEvNXC4I,Subtraction3 : Introduction to Borrowing or Regrouping,Subtraction in Gujarati --- ???? ?????? ??? ???? ???????? ??????? ??? ??????? ?????? ??? http://evidyalay.org/,????,??? ????,???????,,
http://www.youtube.com/watch?v=JA1_284NWBs,Subtraction2 in Gujarati,Subtraction in Gujarati --- ????????? ?????? ???? ???? ???? Different ways to view subtraction http://evidyalay.org/,????,??? ????,???????,,
http://www.youtube.com/watch?v=qsrUFsU4Hks,Level 4 division in Gujarati,Division in Gujarati --- àª®à«‹àªŸà«€ àª°àª•àª®àª¨à«‡ àª¬à«‡ àª…àª‚àª•àª¨à«€ àª°àª•àª® àªµàª¡à«‡ àªàª¾àª—àª¾àª•àª¾àª° Level 4 division : Dividing a two digit number into a larger number...,????,??? ????,???????,,
http://www.youtube.com/watch?v=cI3gwUCSW9I,Division 3 in Gujarati,Division in Gujarati -- ???? ????? ??????? ??? ??? ??? ???? ???? ??? ????? More long division and remainder examples http://evidyalay.org/,????,??? ????,???????,,
http://www.youtube.com/watch?v=DnyBHuerNpQ,Division2 in Gujarati,Division in Gujarati -- ???? ?????? ???????. ???? ?????? ????????? ??? ????? ????? Dividing into larger numbers. Introduction to long division and remainders...,????,??? ????,???????,,
http://www.youtube.com/watch?v=fSX-2lfZiy8,Division1 in Gujarati,"????????? ?????, Division in Gujarati -- Introduction to division.",????,??? ????,???????,,
http://www.youtube.com/watch?v=jp18E3fkMp8,Division in Gujarati,Division in Gujarati --- ????????? ????? Introduction to division http://evidyalay.org/,????,??? ????,???????,,
http://www.youtube.com/watch?v=lquzxBpT4N0,????? ???????? ???????,Lattice Multiplication in Gujarati -- ????? ??????? ?????? ???? ???? ??? ??? ??? ????? ??????? ?????? ???? ???? Why Lattice Multiplication Works : Understand...,????,??? ????,???????,,
http://www.youtube.com/watch?v=oDAghKyjDwc,?????????? ??????? ????? - ? ?? ? ??? ?????,Multiplication Table in Gujarati -- ?????????? ??????? ????? - ? ?? ? ??? ????? Introduction to the multiplication tables from 2-9. http://evidyalay.org/,????,??? ????,???????,,
http://www.youtube.com/watch?v=7Alf3gRgdGs,"???? ????? ?????? ???????? ??????? , ???? ????","???? ????? ?????? ???????? ??????? , ???? ????, Level 4 Subtraction : Subtraction of multi-digit numbers involving borrowing, Subtraction in Gujarati.",????,??? ????,???????,,
http://www.youtube.com/watch?v=RRt7jRnTbD8,????? ????????? ????????? ???????,Multiplication in Gujarati --- ????? ????????? ????????? ??????? Multiplying decimals http://evidyalay.org/,????,??? ????,????? ????????? ???????,,
http://www.youtube.com/watch?v=GsTN-W8wn5U,Subtracting Decimals in Gujarati,Subtracting Decimals in Gujarati ---- àª¦àª¶àª¾àª‚àª¶ àª…àªªà«‚àª°à« àª£àª¾àª‚àª• àª¸àª‚àª–à« àª¯àª¾àª“àª¨à«€ àª¬àª¾àª¦àª¬àª¾àª•à«€ Subtracting Decimal Numbers http://evidyalay.org/,????,??? ????,????? ????????? ???????,,
http://www.youtube.com/watch?v=-CEZcOZ2d0o,"????? ????????? ????????? ??????,","????? ????????? ????????? ??????, Adding Decimals in Gujarati.",????,??? ????,????? ????????? ???????,,
http://www.youtube.com/watch?v=EX6sacTlIAE,Multiplication 7 in Gujarati: Old video giving more examples :,Multiplication in Gujarati -- ????????? ?? ?????: ? ????? ????? ? ??? 3 ????? ??? ???? ??????? 2 examples of multiplying a 3 digit number times a 2 digit num...,????,??? ????,???????,,
http://www.youtube.com/watch?v=c91wxQBrk4U,????????? ?????,"Multiplication in Gujarati, Basic Multiplication in Gujarati -- ????????? ????? Introduction to multiplication .",????,??? ????,???????,,
http://www.youtube.com/watch?v=tcRlIZrbkxI,????? ??????? ?????? ???? ??? : ??? ???? ???? ???? ????? ??????? ???? ????,"????? ??????? ?????? ???? ??? : ??? ???? ???? ???? ????? ??????? ???? ????, Subtraction in Gujarati, Alternate mental subtraction method : How I subtract in ...",????,??? ????,???????,,
http://www.youtube.com/watch?v=B-NrwDmWFco,"?????? - ???? ?????, ????????? ?????","Addition in Gujarati ------------------------- ?????? - ???? ?????, ????????? ????? Addition 4 : More practice carrying with multiple digit numbers.",????,??? ????,??????,,
http://www.youtube.com/watch?v=CEtESuG8zOM,"????????? ????? ?????? ??????,","????????? ????? ?????? ??????, Practice carrying digits to add multiple digit numbers. Addition in Gujarati.",????,??? ????,??????,,
http://www.youtube.com/watch?v=bS8Mh40YCnY,Addition2 in Gujarati,Addition in Gujarati ----------------------- Adding 2-digit numbers ?? ?????? ??????.,????,??? ????,??????,,
http://www.youtube.com/watch?v=jsgbKgVlvbU,Basic Addition in Gujarati,Addition in Gujarati ----------------------------- ???????? ????? - ????? ???????? ???????? ????? Introduction to addition. Multiple visual ways to represent...,????,??? ????,??????,,
http://www.youtube.com/watch?v=lquzxBpT4N0,????? ???????? ???????,Lattice Multiplication in Gujarati -- ????? ??????? ?????? ???? ???? ??? ??? ??? ????? ??????? ?????? ???? ???? Why Lattice Multiplication Works : Understand...,????,??? ????,???????,,
http://www.youtube.com/watch?v=oDAghKyjDwc,?????????? ??????? ????? - ? ?? ? ??? ?????,Multiplication Table in Gujarati -- ?????????? ??????? ????? - ? ?? ? ??? ????? Introduction to the multiplication tables from 2-9. http://evidyalay.org/,????,??? ????,???????,,
http://www.youtube.com/watch?v=7Alf3gRgdGs,"???? ????? ?????? ???????? ??????? , ???? ????","???? ????? ?????? ???????? ??????? , ???? ????, Level 4 Subtraction : Subtraction of multi-digit numbers involving borrowing, Subtraction in Gujarati.",????,??? ????,???????,,
http://www.youtube.com/watch?v=RRt7jRnTbD8,????? ????????? ????????? ???????,Multiplication in Gujarati --- ????? ????????? ????????? ??????? Multiplying decimals http://evidyalay.org/,????,??? ????,????? ????????? ???????,,
http://www.youtube.com/watch?v=GsTN-W8wn5U,Subtracting Decimals in Gujarati,Subtracting Decimals in Gujarati ---- àª¦àª¶àª¾àª‚àª¶ àª…àªªà«‚àª°à« àª£àª¾àª‚àª• àª¸àª‚àª–à« àª¯àª¾àª“àª¨à«€ àª¬àª¾àª¦àª¬àª¾àª•à«€ Subtracting Decimal Numbers http://evidyalay.org/,????,??? ????,????? ????????? ???????,,
http://www.youtube.com/watch?v=-CEZcOZ2d0o,"????? ????????? ????????? ??????,","????? ????????? ????????? ??????, Adding Decimals in Gujarati.",????,??? ????,????? ????????? ???????,,
http://www.youtube.com/watch?v=EX6sacTlIAE,Multiplication 7 in Gujarati: Old video giving more examples :,Multiplication in Gujarati -- ????????? ?? ?????: ? ????? ????? ? ??? 3 ????? ??? ???? ??????? 2 examples of multiplying a 3 digit number times a 2 digit num...,????,??? ????,???????,,
http://www.youtube.com/watch?v=c91wxQBrk4U,????????? ?????,"Multiplication in Gujarati, Basic Multiplication in Gujarati -- ????????? ????? Introduction to multiplication .",????,??? ????,???????,,
http://www.youtube.com/watch?v=tcRlIZrbkxI,????? ??????? ?????? ???? ??? : ??? ???? ???? ???? ????? ??????? ???? ????,"????? ??????? ?????? ???? ??? : ??? ???? ???? ???? ????? ??????? ???? ????, Subtraction in Gujarati, Alternate mental subtraction method : How I subtract in ...",????,??? ????,???????,,
http://www.youtube.com/watch?v=B-NrwDmWFco,"?????? - ???? ?????, ????????? ?????","Addition in Gujarati ------------------------- ?????? - ???? ?????, ????????? ????? Addition 4 : More practice carrying with multiple digit numbers.",????,??? ????,??????,,
http://www.youtube.com/watch?v=CEtESuG8zOM,"????????? ????? ?????? ??????,","????????? ????? ?????? ??????, Practice carrying digits to add multiple digit numbers. Addition in Gujarati.",????,??? ????,??????,,
http://www.youtube.com/watch?v=bS8Mh40YCnY,Addition2 in Gujarati,Addition in Gujarati ----------------------- Adding 2-digit numbers ?? ?????? ??????.,????,??? ????,??????,,
http://www.youtube.com/watch?v=jsgbKgVlvbU,Basic Addition in Gujarati,Addition in Gujarati ----------------------------- ???????? ????? - ????? ???????? ???????? ????? Introduction to addition. Multiple visual ways to represent...,????,??? ????,??????,,
