"https://www.youtube.com/embed/QE8DQTXRBEA","એક ઝરણું દોડ્યું જાતું તું","એક ઝરણું દોડ્યું જાતું તું, Powerpoint Animation, Baal Geet, ગુજરાતી કવિતાઓ, બાળગીત.","ગુજરાતી","બાળ સાહિત્ય ગુજરાતી","બાળગીત","પાવરપોઇન્ટ ચલચિત્ર","",""
"https://www.youtube.com/embed/fjA25JGuBAY","નફો-ખોટની ટકામાં ગણતરી_ભાગ_૧","નફો-ખોટની ટકામાં ગણતરી_ભાગ_૧ નફો-ખોટનો વ્યવહારુ ઉપયોગ.","ગણિત","અંક ગણિત","નફો-ખોટ","વ્યવહારિક ગણતરી ","નફો-ખોટ",""
"https://www.youtube.com/embed/L54VGj79jlI","નફો-ખોટની ટકામાં ગણતરી_ભાગ_૨","નફો-ખોટની ટકામાં ગણતરી_ભાગ_૨ નફો-ખોટનો વ્યવહારુ ઉપયોગ.","ગણિત","અંક ગણિત","નફો-ખોટ","વ્યવહારિક ગણતરી ","નફો-ખોટ",""
"https://www.youtube.com/embed/J0NKMziyAXc","આ વડ છે.","powerpoint animation, Gujarati Education, Learn Gujarati, Read in Gujarati, Learn how to read in gujarati.","ગુજરાતી","બાળ સાહિત્ય ગુજરાતી","ગુજરાતી વાક્ય રચના","પાવરપોઇન્ટ ચલચિત્ર","",""
"https://www.youtube.com/embed/Dg68_GFFlgY","આ રેતી છે.","આ રેતી છે.","ગુજરાતી","બાળ સાહિત્ય ગુજરાતી","ગુજરાતી વાક્ય રચના","પાવરપોઇન્ટ ચલચિત્ર","",""
"https://www.youtube.com/embed/QL0JMEKuvVk","આ નદી છે.","આ નદી છે.","ગુજરાતી","બાળ સાહિત્ય ગુજરાતી","ગુજરાતી વાક્ય રચના","પાવરપોઇન્ટ ચલચિત્ર","",""
"https://www.youtube.com/embed/q0120Qz_KXg","ટકા વિશે વ્યવહારિક દાખલા અને મૌખિક ગણતરી","ટકા વિશે વ્યવહારિક દાખલા અને મૌખિક ગણતરી.","ગણિત","અંક ગણિત","નફો-ખોટ","","",""
"https://www.youtube.com/embed/ID9fF73FbRg","ટકા વિશે વ્યવહારિક દાખલા","ટકા વિશે વ્યવહારિક દાખલા.","ગણિત","અંક ગણિત","નફો-ખોટ","","",""
"https://www.youtube.com/embed/GuGzvSOpJJs","ટકા વિશે પ્રાથમિક સમજૂતી","ટકા વિશે પ્રાથમિક સમજૂતી.","ગણિત","અંક ગણિત","નફો-ખોટ","","",""
"https://www.youtube.com/embed/W3jmP25UHc8","વાસ્તવિક સંખ્યાના છેદનું સંમેયીકરણ","વાસ્તવિક સંખ્યાના છેદનું સંમેયીકરણ.","ગણિત","અંક ગણિત","સંખ્યા પધ્ધતિ","","",""
"https://www.youtube.com/embed/maSCSAIucIw","ઉંચું ઉંચું ઉંટ","ઉંચું ઉંચું ઉંટ.","ગુજરાતી","બાળ સાહિત્ય ગુજરાતી","બાળગીત","પાવરપોઇન્ટ ચલચિત્ર","",""
"https://www.youtube.com/embed/06Ic3-jl-zk","વર્ગમૂળના નિત્યસમ નો ઉપયોગ કરીને સાદું રૂપ આપો _2","વર્ગમૂળના નિત્યસમ નો ઉપયોગ કરીને સાદું રૂપ આપો.","ગણિત","અંક ગણિત","સંખ્યા પધ્ધતિ","","",""
"https://www.youtube.com/embed/wPsi_WsrPmg","જંગલકેરા પ્રાણીઓની","GUJARATI POEM 4 (જંગલકેરા પ્રાણીઓની)","ગુજરાતી","બાળ સાહિત્ય ગુજરાતી","બાળગીત","પાવરપોઇન્ટ ચલચિત્ર","",""
"https://www.youtube.com/embed/4UZFDksLpYU","વર્ગમૂળના નિત્યસમ નો ઉપયોગ કરીને સાદું રૂપ આપો","વર્ગમૂળના નિત્યસમ નો ઉપયોગ કરીને સાદું રૂપ આપો, Std9_Ch2_SaduRup.","ગણિત","અંક ગણિત","સંખ્યા પધ્ધતિ","","",""
"https://www.youtube.com/embed/hscVQLPBytI","ધન વાસ્તવિક સંખ્યાનું n-મૂળ","ધન વાસ્તવિક સંખ્યાનું n-મૂળ , Std_9_Ch2_NthRoot, nth root of positive real number in Gujarati.","ગણિત","અંક ગણિત","સંખ્યા પધ્ધતિ","","",""
"https://www.youtube.com/embed/2M8g-bRxNLA","√X2 વિશે સમજૂતી અને વર્ગમૂળના નિત્યસમ","X2 વિશે સમજૂતી અને વર્ગમૂળના નિત્યસમ , square root properties in Gujarati, Std9_Ch2_Properties.","ગણિત","અંક ગણિત","સંખ્યા પધ્ધતિ","","",""
"https://www.youtube.com/embed/5j_1gSqCQQo","ગુજરાત મોરી મોરી રે","ગુજરાત મોરી મોરી રે, ગુજરાતી પાઠ્યપુસ્તકની કવિતાઓ.","ગુજરાતી","ગુજરાતી સાહિત્ય","કવિતા","પાવરપોઇન્ટ ચલચિત્ર","",""
"https://www.youtube.com/embed/uIYg1OuJS4E","રૂપાળું મારું ગામડું","રૂપાળું મારું ગામડું ------------------------ જયંતીલાલ માલધારી (જ્ન્મ: ૧૯૦૯ , અવસાન: ૧૯૯૦ ) જયંતીલાલ નાનજીભાઇ માલધારીનો જન્મ રાજકોટ જિલ્લાના શિવરાજગઢ ગામે થ...","ગુજરાતી","ગુજરાતી સાહિત્ય","કવિતા","પાવરપોઇન્ટ ચલચિત્ર","",""
"https://www.youtube.com/embed/lzq7BiqlVNg","ધન વાસ્તવિક સંખ્યાનું n-મૂળ","ધન વાસ્તવિક સંખ્યાનું n-મૂળ, nth root of a positive real number in Gujarati.","ગણિત","અંક ગણિત","સંખ્યા પધ્ધતિ","","",""
"https://www.youtube.com/embed/t7GbpTbeR9s","ગુજરાતી અંકો_૧ થી ૪૦","ગુજરાતી અંકો_૧ થી ૪૦.","ગણિત","બાળ સાહિત્ય ગણિત","ગુજરાતી - ગણિત","પાવરપોઇન્ટ ચલચિત્ર","",""
"https://www.youtube.com/embed/cTxMpJ3HP6A","સંખ્યાનું સંખ્યારેખા પર નિરૂપણ","સંમેય અને અસંમેય સંખ્યાઓનું સંખ્યારેખા પર નિરૂપણ , વાસ્તવિક સંખ્યાનું સંખ્યારેખા પર નિરૂપણ.","ગણિત","અંક ગણિત","સંખ્યા પધ્ધતિ","","",""
"https://www.youtube.com/embed/et1P6Z2WaUE","સંખ્યા પદ્ધતિ_દશાંશ અભિવ્યક્તિ_ભાગ 3","સંખ્યા પદ્ધતિ_વાસ્તવિક સંખ્યા અને એની દશાંશ અભિવ્યક્તિ _ભાગ 3 સંમેય અને અસંમેય સંખ્યાઓનું વર્ગીકરણ.","ગણિત","અંક ગણિત","સંખ્યા પધ્ધતિ","","",""
"https://www.youtube.com/embed/V4ONRWypoGE","સંખ્યા પદ્ધતિ_દશાંશ અભિવ્યક્તિ_ભાગ ૨","સંખ્યા પદ્ધતિ_વાસ્તવિક સંખ્યા અને એની દશાંશ અભિવ્યક્તિ _ભાગ ૨.","ગણિત","અંક ગણિત","સંખ્યા પધ્ધતિ","","",""
"https://www.youtube.com/embed/VlD0S6Zssm0","સંખ્યા પદ્ધતિ_દશાંશ અભિવ્યક્તિ_ભાગ ૧","સંખ્યા પદ્ધતિ : વાસ્તવિક સંખ્યા અને એની દશાંશ અભિવ્યક્તિ - ભાગ ૧.","ગણિત","અંક ગણિત","સંખ્યા પધ્ધતિ","","",""
"https://www.youtube.com/embed/XIR8E6XNYqw","સંખ્યા પદ્ધતિ_૧","સંખ્યા પદ્ધતિ.","ગણિત","અંક ગણિત","સંખ્યા પધ્ધતિ","","",""
"https://www.youtube.com/embed/DB8-wIRb2C4","દ'મોર્ગન ના નિયમો","દ'મોર્ગન ના નિયમો.","ગણિત","ગણ પધ્ધતિ","ગણક્રિયા","","",""
"https://www.youtube.com/embed/JeBAN0mHgTI","પૂરકક્રિયા ના નિયમો","પૂરકક્રિયા ના નિયમો.","ગણિત","ગણ પધ્ધતિ","ગણક્રિયા","","",""
"https://www.youtube.com/embed/alD3GnfI3-c","યોગક્રિયાનું  છેદક્રિયા પર વિભાજન","યોગક્રિયાનું છેદક્રિયા પર વિભાજન , ગણક્રિયામાં વિભાજન ના નિયમો.","ગણિત","ગણ પધ્ધતિ","ગણક્રિયા","","",""
"https://www.youtube.com/embed/3jNGdQo0BNY","છેદક્રિયાનું  યોગક્રિયા પર વિભાજન","છેદક્રિયાનું યોગક્રિયા પર વિભાજન , ગણક્રિયામાં વિભાજન ના નિયમો.","ગણિત","ગણ પધ્ધતિ","ગણક્રિયા","","",""
"https://www.youtube.com/embed/YiBd8Tb9zcg","યોગક્રિયા અને છેદક્રિયાના ગુણધર્મો_ભાગ_૩","ગણ પરિચય : યોગક્રિયા અને છેદક્રિયાના ગુણધર્મો : ભાગ 3.","ગણિત","ગણ પધ્ધતિ","ગણક્રિયા","","",""
"https://www.youtube.com/embed/Yf7gia0LKrI","યોગક્રિયા અને છેદક્રિયાના ગુણધર્મો_ભાગ_૨","ગણ પરિચય : યોગક્રિયા અને છેદક્રિયાના ગુણધર્મો : ભાગ 2.","ગણિત","ગણ પધ્ધતિ","ગણક્રિયા","","",""
"https://www.youtube.com/embed/JvDfTw4sMII","યોગક્રિયા અને છેદક્રિયાના ગુણધર્મો_ભાગ_૧","ગણ પરિચય : યોગક્રિયા અને છેદક્રિયાના ગુણધર્મો : ભાગ ૧.","ગણિત","ગણ પધ્ધતિ","ગણક્રિયા","","",""
"https://www.youtube.com/embed/WlVayDWR_ZY","યોગક્રિયાના ગુણધર્મો : ભાગ_૧","યોગક્રિયાના ગુણધર્મો : ભાગ 1.","ગણિત","ગણ પધ્ધતિ","ગણક્રિયા","","",""
"https://www.youtube.com/embed/mmP7skOQaio","એકડો સાવ સળેખડો ને બગડો ડિલે તગડો.","એકડો સાવ સળેખડો ને બગડો ડિલે તગડો, powerpoint animation, creativity in powerpoint,","ગુજરાતી","બાળ સાહિત્ય ગુજરાતી","બાળગીત","પાવરપોઇન્ટ ચલચિત્ર","",""
"https://www.youtube.com/embed/dhPphOSB44Q","ગણ પરિચય _ ભાગ_૧","ગણ પરિચય _ ભાગ_૧.","ગણિત","ગણ પધ્ધતિ","ગણક્રિયા","","",""
"https://www.youtube.com/embed/WBJ4q5Ak5-c","લ્યો ટબૂકબેન મારો તાળી","બાળગીત ૧ , બાળકાવ્ય, ગુજરાતી જોડકણાં, લ્યો ટબૂકબેન મારો તાળી,powerpoint animation, creativity in powerpoint,","ગુજરાતી","બાળ સાહિત્ય ગુજરાતી","બાળગીત","પાવરપોઇન્ટ ચલચિત્ર","",""
"https://www.youtube.com/embed/4vKdxrGtS9w","ઉનાળાનો કેવો તડકો?","ઉનાળાનો કેવો તડકો?, બાળકાવ્ય , ગુજરાતી જોડકણાં બાળ સાહિત્ય,powerpoint animation, creativity in powerpoint,","ગુજરાતી","બાળ સાહિત્ય ગુજરાતી","બાળગીત","પાવરપોઇન્ટ ચલચિત્ર","",""
"https://www.youtube.com/embed/-kWh1iO1Oj8","મને ઓળખો_વાજીંત્રો","વાજીંત્રો, Music Instruments name in Gujarati.","ગુજરાતી","બાળ સાહિત્ય ગુજરાતી","મને ઓળખો","પાવરપોઇન્ટ ચલચિત્ર","",""
"https://www.youtube.com/embed/RI3Av5QWQgo","ગુજરાતી અંકો ૧ થી ૧૦૦","ગુજરાતી અંકો ૧ થી ૧૦૦ , Gujarati_Numbers_1 to 100.","ગણિત","બાળ સાહિત્ય ગણિત","ગુજરાતી - ગણિત","પાવરપોઇન્ટ ચલચિત્ર","",""
"https://www.youtube.com/embed/6OUQwSqhvZI","ગુજરાતી અંકો ૧ થી ૫૦","ગુજરાતી અંકો ૧ થી ૫૦ Gujarati_Numbers_1 to 50.","ગણિત","બાળ સાહિત્ય ગણિત","ગુજરાતી - ગણિત","પાવરપોઇન્ટ ચલચિત્ર","",""
"https://www.youtube.com/embed/R7nk2emAVG0","આકારો વિષે સમજુતી : ભાગ_૨","આકારોની સમજુતી અને આકારોની મદદથી કેટલીક આકૃતિઓ કે કેટલાક ચિત્રો બનાવતા શીખીએ. આકારોના ઉપયોગ Shapes Introduction in Gujarati.","ગુજરાતી","બાળ સાહિત્ય ગુજરાતી","આકારો","પાવરપોઇન્ટ ચલચિત્ર","",""
"https://www.youtube.com/embed/FC0u_e1WheQ","આકારો વિષે સમજુતી","આકારોની સમજુતી અને આકારોની મદદથી કેટલીક આકૃતિઓ કે કેટલાક ચિત્રો બનાવતા શીખીએ. Shapes Introduction in Gujarati.","ગુજરાતી","બાળ સાહિત્ય ગુજરાતી","આકારો","પાવરપોઇન્ટ ચલચિત્ર","",""
"https://www.youtube.com/embed/5zFF5JRCYVs","ગુજરાતી મુળાક્ષરો , કક્કો","Gujarati kakko,કક્કો - ગુજરાતી મુળાક્ષરો ,Gujarati Consonants.","ગુજરાતી","બાળ સાહિત્ય ગુજરાતી","ગુજરાતી બારાખડી","પાવરપોઇન્ટ ચલચિત્ર","",""
"https://www.youtube.com/embed/PHdr7xRrFnQ","ગુજરાતી બારાખડી_ખ","ગુજરાતી બારાખડી,Barakhadi_KH_Animation.","ગુજરાતી","બાળ સાહિત્ય ગુજરાતી","ગુજરાતી બારાખડી","પાવરપોઇન્ટ ચલચિત્ર","",""
"https://www.youtube.com/embed/wy0aHBYJF8w","ગુજરાતી બારાખડી_ક","ગુજરાતી બારાખડી Gujarati Barakhadi _K_video.","ગુજરાતી","બાળ સાહિત્ય ગુજરાતી","ગુજરાતી બારાખડી","પાવરપોઇન્ટ ચલચિત્ર","",""
"https://www.youtube.com/embed/rhLFWC5KD5A","નફો-ખોટ_ભાગ_૭","નફો-ખોટ_ભાગ_૭, Profit_Loss_Part7.","ગણિત","અંક ગણિત","નફો-ખોટ","","",""
"https://www.youtube.com/embed/jGKmq8-WSro","નફો-ખોટ_ભાગ_૬","નફો-ખોટ_ભાગ_૬, Profit_Loss_Part6.","ગણિત","અંક ગણિત","નફો-ખોટ","","",""
"https://www.youtube.com/embed/4A08KofyDVI","નફો-ખોટ_ભાગ_૫","નફો-ખોટ_ભાગ_૫, Profit_Loss_Part5.","ગણિત","અંક ગણિત","નફો-ખોટ","","",""
"https://www.youtube.com/embed/ifGCPBhWuKc","નફો-ખોટ_ભાગ_૪","નફો-ખોટ_ભાગ_૪.","ગણિત","અંક ગણિત","નફો-ખોટ","","",""
"https://www.youtube.com/embed/lCH9jpXS6DE","નફો-ખોટ_ભાગ_૩","નફો-ખોટ_ભાગ_૩, Profit_Loss_Part3.","ગણિત","અંક ગણિત","નફો-ખોટ","","",""
"https://www.youtube.com/embed/qdyp1qfSA0I","સાદું વ્યાજ_ભાગ_૧","સાદું વ્યાજ_ભાગ_૧, Interest in Gujarati.","ગણિત","અંક ગણિત","નફો-ખોટ","","",""
"https://www.youtube.com/embed/z_NR_NzirCU","સરાસરી,","સરાસરી, Average.","ગણિત","અંક ગણિત","નફો-ખોટ","","",""
"https://www.youtube.com/embed/06A-GxfAKmE","નફો-ખોટ_ભાગ_૨","નફો-ખોટ_ભાગ_૨, Profit Loss2.","ગણિત","અંક ગણિત","નફો-ખોટ","","",""
"https://www.youtube.com/embed/W9QGIx2UmNk","નફો-ખોટ_ભાગ_૧","નફો-ખોટ_ભાગ_૧, Profit_Loss1.avi.","ગણિત","અંક ગણિત","નફો-ખોટ","","",""
"https://www.youtube.com/embed/eCltk7t39gE","જુદા જુદા દેશોના રાષ્ટ્ર્ધ્વજ","            <media:description type='plain'/>","સમાજવિધ્યા","કંઇક જાણવા જેવું","ભૂગોળ","","",""
"https://www.youtube.com/embed/bFsBacHDscc","સંમેય ઘાતાંક _ઉદાહરણ_૨","સંમેય ઘાતાંક _ઉદાહરણ ૨, Rational Index Examples 2.","ગણિત","અંક ગણિત","વાસ્તવિક સંખ્યા","","",""
"https://www.youtube.com/embed/XMpcq_ssWJk","સંમેય ઘાતાંક_ઉદાહરણ_૧","સંમેય ઘાતાંક_ઉદાહરણ_૧, Rational Index Examples 1 www.evidyalay.net.","ગણિત","અંક ગણિત","વાસ્તવિક સંખ્યા","","",""
"https://www.youtube.com/embed/T9effEzJ_TE","સંમેય ઘાતાંક_ભાગ_૨","સંમેય ઘાતાંક_ભાગ_૨, Rational Index 2 www.evidyalay.net.","ગણિત","અંક ગણિત","વાસ્તવિક સંખ્યા","","",""
"https://www.youtube.com/embed/yzixCLAZtOo","સંમેય ઘાતાંક_ભાગ_૧","સંમેય ઘાતાંક 1 www.evidyalay.net.","ગણિત","અંક ગણિત","વાસ્તવિક સંખ્યા","","",""
"https://www.youtube.com/embed/3G3q7EEglCM","વાસ્તવિક સંખ્યાઓ : સમતા અને અસમતા : ઉદાહરણ ૨,","વાસ્તવિક સંખ્યાઓ : સમતા અને અસમતા :ઉદાહરણ૨, Real Number Examples2 www.evidyalay.net.","ગણિત","અંક ગણિત","વાસ્તવિક સંખ્યા","","",""
"https://www.youtube.com/embed/BwUD7N4RMqM","વાસ્તવિક સંખ્યાનો માનાંક","વાસ્તવિક સંખ્યાનો માનાંક, Real Number Modulus www.evidyalay.net.","ગણિત","અંક ગણિત","વાસ્તવિક સંખ્યા","","",""
"https://www.youtube.com/embed/M-K5_Yzt8qA","વાસ્તવિક સંખ્યાઓ : સમતા અને અસમતા :ઉદાહરણ ૧,","વાસ્તવિક સંખ્યાઓ : સમતા અને અસમતા :ઉદાહરણ ૧, Real Number Examples1 www.evidyalay.net.","ગણિત","અંક ગણિત","વાસ્તવિક સંખ્યા","","",""
"https://www.youtube.com/embed/AWUlPTRmymE","વાસ્તવિક સંખ્યાઓ : કેટલાંક અગત્યના પરિણામ_ભાગ_૨","વાસ્તવિક સંખ્યાઓ : કેટલાંક અગત્યના પરિણામ_ભાગ_૨ , Real Number Characteristics2 in Gujarati www.evidyalay.net.","ગણિત","અંક ગણિત","વાસ્તવિક સંખ્યા","","",""
"https://www.youtube.com/embed/s2T6sQlUo9Y","વાસ્તવિક સંખ્યાઓ : કેટલાંક  અગત્યના પરિણામ_ભાગ_૧","વાસ્તવિક સંખ્યાઓ : કેટલાંક અગત્યના પરિણામ_ભાગ_૧ , Real Number Characteristics1 in Gujarati www.evidyalay.net.","ગણિત","અંક ગણિત","વાસ્તવિક સંખ્યા","","",""
"https://www.youtube.com/embed/msj6mOE_MgY","વાસ્તવિક સંખ્યાઓ - સમતા અને અસમતા","વાસ્તવિક સંખ્યાઓ - સમતા અને અસમતા, Real Number Equality Inequality in Gujarati www.evidyalay.net.","ગણિત","અંક ગણિત","વાસ્તવિક સંખ્યા","","",""
"https://www.youtube.com/embed/EOjPtajuMlo","વાસ્તવિક સંખ્યાઓના સરવાળા અને ગુણાકાર વિશે ગુણધર્મો_ભાગ_૨","વાસ્તવિક સંખ્યાઓના સરવાળા અને ગુણાકાર વિશે ગુણધર્મો - part2 www.evidyalay.net.","ગણિત","અંક ગણિત","વાસ્તવિક સંખ્યા","","",""
"https://www.youtube.com/embed/aSqIsd2yxmg","અસંમેય સંખ્યોનું સંખ્યારેખા પર નિરૂપણ","અસંમેય સંખ્યોનું સંખ્યારેખા પર નિરૂપણ www.evidyalay.net.","ગણિત","અંક ગણિત","વાસ્તવિક સંખ્યા","","",""
"https://www.youtube.com/embed/XDsU0rntSqQ","Vedic Math 12 Gujarati","વેદિક ગણિત કે વૈદિક ગણિતની રીતે ભાગાકાર - part2, Vedic Math 12 Gujarati.","ગણિત","મૌખિક ગણિતની રીતો","વેદિક ગણિત","","",""
"https://www.youtube.com/embed/Byg578s7_fY","વેદિક ગણિત_૧૧","વેદિક ગણિત કે વૈદિક ગણિતની રીતે ભાગાકાર - part1 or વેદિક ગણિતની રીતે ૯ વડે ભાગાકાર www.evidyalay.net.","ગણિત","મૌખિક ગણિતની રીતો","વેદિક ગણિત","","",""
"https://www.youtube.com/embed/K9XyRaTUpcs","સંખ્યાજ્ઞાન_ભાગ_૨","સંખ્યાજ્ઞાન_ભાગ_૨, Numer kowledge 2.","ગણિત","અંક ગણિત","સંખ્યાજ્ઞાન","","",""
"https://www.youtube.com/embed/457RwbBJUGU","સંખ્યાજ્ઞાન_ભાગ_૧,","સંખ્યાજ્ઞાન_ભાગ_૧, Number Kowledge 1.","ગણિત","અંક ગણિત","સંખ્યાજ્ઞાન","","",""
"https://www.youtube.com/embed/NAkhMEPIekQ","માનવજીવનનો ક્રમિક વિકાસ","માનવજીવનનો ક્રમિક વિકાસ - Sky is the Limit Invention of Mankind.","ગણિત","કંઇક જાણવા જેવું ગણિત","મનો વિજ્ઞાન","પાવરપોઇન્ટ ચલચિત્ર","",""
"https://www.youtube.com/embed/Z9EqMb-Jp74","દ્વિપદીના વર્ગના વિસ્તરણનું સૂત્ર (ભૂમિતિની રીતે)","દ્વિપદીના વર્ગના વિસ્તરણનું સુત્ર (ભૂમિતિની રીતે), Expansion Geometry Square.","ગણિત","બીજ ગણિત","વિસ્તરણ","","",""
"https://www.youtube.com/embed/fNYVTbZvG8s","Vedic Math 8 English","Vedic Math_Part_8.","ગણિત","મૌખિક ગણિતની રીતો","વેદિક ગણિત","","",""
"https://www.youtube.com/embed/UtruY4Q0xLY","Vedic Math_(Part4)","Vedic Math_Part_4.","ગણિત","મૌખિક ગણિતની રીતો","વેદિક ગણિત","","",""
"https://www.youtube.com/embed/u6N8JHoyTgY","વેદિક ગણિત_૫","વેદિક ગણિત_૫, વેદિક ગણિત કે વૈદિક ગણિત ની રીતે ચોક્કસ પ્રકારની સંખ્યાઓના વર્ગ શોધવાની રીત www.evidyalay.net.","ગણિત","મૌખિક ગણિતની રીતો","વેદિક ગણિત","","",""
"https://www.youtube.com/embed/7A4nohz8atQ","વેદિક ગણિત_ભાગ_૪","વેદિક ગણિત_ભાગ_૪, વેદિક ગણિત કે વૈદિક ગણિત ની રીતે વર્ગ શોધવાની પદ્ધતિ.","ગણિત","મૌખિક ગણિતની રીતો","વેદિક ગણિત","","",""
"https://www.youtube.com/embed/nEGCSDBUHSo","વેદિક ગણિત_૩","વેદિક ગણિત_ભાગ_૩, Vedic Math 3 Gujarati વેદિક ગણિત કે વૈદિક ગણિત સૂત્ર -૨ નિખિલં નવતશ્ચરમમ્ દશત: (Part 2)","ગણિત","મૌખિક ગણિતની રીતો","વેદિક ગણિત","","",""
"https://www.youtube.com/embed/BBRP27GTvNc","વેદિક ગણિત_૨","વેદિક ગણિત_ભાગ_૨, www.evidyalay.net વેદિક ગણિત કે વૈદિક ગણિત સૂત્ર -૨ નિખિલં નવતશ્ચરમમ્ દશત: (Part 1)","ગણિત","મૌખિક ગણિતની રીતો","વેદિક ગણિત","","",""
"https://www.youtube.com/embed/Tlqmqz-MKQs","વેદિક ગણિત_૧","વેદિક ગણિત_ભાગ_૧, વેદિક ગણિત કે વૈદિક ગણિત સુત્ર - ૧ એકાધીકેન પુર્વેણ www.evidyalay.net.","ગણિત","મૌખિક ગણિતની રીતો","વેદિક ગણિત","","",""
"https://www.youtube.com/embed/SlMcfJqvBC4","અસંમેય સંખ્યાઓ_ભાગ_૧","અસંમેય સંખ્યાઓ_ભાગ ૧, વાસ્તવિક સંખ્યા ભાગ ૧ www.evidyalay.net.","ગણિત","અંક ગણિત","વાસ્તવિક સંખ્યા","","",""
"https://www.youtube.com/embed/mRlE4AaexB8","ગણ પરિચય_ભાગ_3","ગણ પરિચય_ભાગ_3 www.evidyalay.net.","ગણિત","ગણ પધ્ધતિ","ગણ પરિચય","","",""
"https://www.youtube.com/embed/R6LNBOu__zM","ગણ પરિચય_ભાગ_૨","ગણ પરિચય_ભાગ_૨ www.evidyalay.net.","ગણિત","ગણ પધ્ધતિ","ગણ પરિચય","","",""
"https://www.youtube.com/embed/MgdhtLqOOVs","ગણ પરિચય_ભાગ_૧","ગણ પરિચય_ભાગ_૧ www.evidyalay.net.","ગણિત","ગણ પધ્ધતિ","ગણ પરિચય","","",""
"https://www.youtube.com/embed/NaCevMSnqM4","અવયવીકરણ_ભાગ_૧૨","અવયવીકરણ_ભાગ_૧૨, Factorisation_Part12.","ગણિત","બીજ ગણિત","અવયવીકરણ","","",""
"https://www.youtube.com/embed/rNiDoB3RMno","સમીકરણ ઉકેલો (વ્યવહારિક દાખલા - 2)","સમીકરણ ઉકેલો (વ્યવહારિક દાખલા - 2), Equation Developmental 2.","ગણિત","સમીકરણ","સમીકરણ (એક ચલ)","","",""
"https://www.youtube.com/embed/DM6IBhz5okw","સમીકરણ ઉકેલો_ભાગ_૪","સમીકરણ ઉકેલો_ભાગ_૪, Equation.","ગણિત","સમીકરણ","સમીકરણ (એક ચલ)","","",""
"https://www.youtube.com/embed/f8GVuJClDRM","Equation Developmental 1","સમીકરણ ઉકેલો (વ્યવહારિક દાખલા - ૧)","ગણિત","સમીકરણ","સમીકરણ (એક ચલ)","","",""
"https://www.youtube.com/embed/1k_Pq4ahwHg","અવયવીકરણ_ભાગ_૮","અવયવીકરણ_ભાગ_૮, Factorisation.","ગણિત","બીજ ગણિત","અવયવીકરણ","","",""
"https://www.youtube.com/embed/9xNINRBiDy4","સરવાળાની રજૂઆત - વિવિધ પદ્ધતિથી સરવાળાની રજૂઆત,","સરવાળાની રજૂઆત - વિવિધ પદ્ધતિથી સરવાળાની રજૂઆત, Introduction to addition. Multiple visual ways to represent addition.","ગણિત","અંક ગણિત","સરવાળા","","",""
"https://www.youtube.com/embed/4Uvy_4TdMHw","બહુપદીના ભાગાકાર - ભાગ_૨","બહુપદીના ભાગાકાર - ભાગ_૨, Polynomial Division 2.","ગણિત","બીજ ગણિત","બહુપદી","","",""
"https://www.youtube.com/embed/lVEnRjhcn3A","બહુપદીના ભાગાકાર - ભાગ_૧","બહુપદીના ભાગાકાર - ભાગ_૧, Polynomial Division 1.","ગણિત","બીજ ગણિત","બહુપદી","","",""
"https://www.youtube.com/embed/OStEPWyB4_E","અવયવીકરણ_ભાગ_૧૧","અવયવીકરણ_ભાગ_૧૧, Factorisation 11.","ગણિત","બીજ ગણિત","અવયવીકરણ","","",""
"https://www.youtube.com/embed/ycEIiCUtZ8k","અવયવીકરણ_ભાગ_૧૦","અવયવીકરણ_ભાગ_૧૦,","ગણિત","બીજ ગણિત","અવયવીકરણ","","",""
"https://www.youtube.com/embed/YzjI3aPFCvg","અવયવીકરણ_ભાગ_૯","અવયવીકરણ_ભાગ_૯, Factorisation.","ગણિત","બીજ ગણિત","અવયવીકરણ","","",""
"https://www.youtube.com/embed/Gzxuc7EZ71w","અવયવીકરણ_ભાગ_૭","અવયવીકરણ_ભાગ_૭, Factorisation.","ગણિત","બીજ ગણિત","અવયવીકરણ","","",""
"https://www.youtube.com/embed/c6tyGEO2ijM","અવયવીકરણ_ભાગ_૬","અવયવીકરણ_ભાગ_૬, Factorisation.","ગણિત","બીજ ગણિત","અવયવીકરણ","","",""
"https://www.youtube.com/embed/NdvFCelNFvg","અવયવીકરણ_ભાગ_૫","અવયવીકરણ_ભાગ_૫, Factorisation.","ગણિત","બીજ ગણિત","અવયવીકરણ","","",""
"https://www.youtube.com/embed/v53Ned-qx58","અવયવીકરણ_ભાગ_૩","અવયવીકરણ_ભાગ_૩, Factorisation.","ગણિત","બીજ ગણિત","અવયવીકરણ","","",""
"https://www.youtube.com/embed/tAdsLRZF_5U","અવયવીકરણ_ભાગ_૪","અવયવીકરણ_ભાગ_૪, Factorisation_Part4.","ગણિત","બીજ ગણિત","અવયવીકરણ","","",""
"https://www.youtube.com/embed/7OWNXOFKc-c","અવયવીકરણ_ભાગ_૨","અવયવીકરણ_ભાગ_૨, Factorisation,","ગણિત","બીજ ગણિત","અવયવીકરણ","","",""
"https://www.youtube.com/embed/cDU6MidYzYA","અવયવીકરણ_ભાગ_૧","અવયવીકરણ_ભાગ_૧, Factorisation.","ગણિત","બીજ ગણિત","અવયવીકરણ","","",""
"https://www.youtube.com/embed/ORiVvt4YhKQ","વેદિક ગણિત_૭","વેદિક ગણિત_૭, વેદિક ગણિત કે વૈદિક ગણિત - ૭ સૂત્ર - ૧૪, એકન્યુનેન પૂર્વેણ, Vedic Math 7 Gujarati.","ગણિત","મૌખિક ગણિતની રીતો","વેદિક ગણિત","","",""
"https://www.youtube.com/embed/Os8S-0Mar8U","વિસ્તરણનું સૂત્ર - ભૂમિતિની રીતે પ્રાયોગિક સમજણ","વિસ્તરણનું સૂત્ર - ભૂમિતિની રીતે પ્રાયોગિક સમજણ, Expansion Geometry Cube.","ગણિત","બીજ ગણિત","વિસ્તરણ","","",""
"https://www.youtube.com/embed/8IlI_pCOJkk","વિસ્તરણના સૂત્રની મદદથી અંકગણિતમાં અંકોના ઘન મેળવો.","વિસ્તરણના સૂત્રની મદદથી અંકગણિતમાં અંકોના ઘન મેળવો., Expansion Arithmetic cube.","ગણિત","બીજ ગણિત","વિસ્તરણ","","",""
"https://www.youtube.com/embed/-IHoLp0GyvE","Expansion dvipadi tripadi","વિસ્તરણ (દ્વિપદી અને ત્રિપદી ) www.evidyalay.org.","ગણિત","બીજ ગણિત","વિસ્તરણ","","",""
"https://www.youtube.com/embed/RbfypLNz3UU","દ્વિપદીના ઘનના વિસ્તરણના દાખલા_ભાગ_૨","દ્વિપદીના ઘનના વિસ્તરણના દાખલા_ભાગ_૨, Expansion Cube Example part2.","ગણિત","બીજ ગણિત","વિસ્તરણ","","",""
"https://www.youtube.com/embed/VLPrEb5z_gM","દ્વિપદીના ઘનના વિસ્તરણના દાખલા - ભાગ_૧","દ્વિપદીના ઘનના વિસ્તરણના દાખલા - ભાગ_૧, Expansion Cube Example Part1.","ગણિત","બીજ ગણિત","વિસ્તરણ","","",""
"https://www.youtube.com/embed/dJtctj1a16U","દ્વિપદીના ઘનના વિસ્તરણનું સૂત્ર","દ્વિપદીના ઘનના વિસ્તરણનું સૂત્ર, Expansion cube.","ગણિત","બીજ ગણિત","વિસ્તરણ","","",""
"https://www.youtube.com/embed/KP4trqKV2nY","Expansion Find a value","વિસ્તરણના સૂત્રની મદદથી કિંમત શોધો. Expansion Find a value.","ગણિત","બીજ ગણિત","વિસ્તરણ","","",""
"https://www.youtube.com/embed/L-LhAUwv3w0","ત્રિપદીના વર્ગના વિસ્તરણનું સૂત્ર","ત્રિપદીના વર્ગના વિસ્તરણનું સૂત્ર, Expansion tripadi square.","ગણિત","બીજ ગણિત","વિસ્તરણ","","",""
"https://www.youtube.com/embed/zdLZ2C3ZLFk","દ્વીપદીના વર્ગના વિસ્તરણના દાખલા","દ્વીપદીના વર્ગના વિસ્તરણના દાખલા, Expansion Equation2.","ગણિત","બીજ ગણિત","વિસ્તરણ","","",""
"https://www.youtube.com/embed/uPEsjt9bHBI","દ્વિપદીના વિસ્તરણના સુત્રો,","દ્વિપદીના વિસ્તરણના સુત્રો, Expantion Equation.","ગણિત","બીજ ગણિત","વિસ્તરણ","","",""
"https://www.youtube.com/embed/MdhnHv4qOKc","વિસ્તરણના સુત્રોની મદદથી અંકગણિત","વિસ્તરણના સુત્રોની મદદથી અંકગણિત., Expansion Arithmetic.","ગણિત","બીજ ગણિત","વિસ્તરણ","","",""
"https://www.youtube.com/embed/W7EL0MKHA7M","દ્વિપદીના વિસ્તરણના સુત્રો","દ્વિપદીના વિસ્તરણના સુત્રો, Expansion_Part3.","ગણિત","બીજ ગણિત","વિસ્તરણ","","",""
"https://www.youtube.com/embed/YB19uiyseFQ","વિસ્તરણ_ભાગ_૨","વિસ્તરણ www.evidyalay.org.","ગણિત","બીજ ગણિત","વિસ્તરણ","","",""
"https://www.youtube.com/embed/xQAErZHwi5g","વિસ્તરણ_ભાગ_૧","વિસ્તરણ_ભાગ_૧, Expansion.","ગણિત","બીજ ગણિત","વિસ્તરણ","","",""
"https://www.youtube.com/embed/Fs5PFcgbx70","Simple Equation4","સમીકરણ ઉકેલો (part 4 ) www.evidyalay.org.","ગણિત","સમીકરણ","સમીકરણ (એક ચલ)","","",""
"https://www.youtube.com/embed/JKKWyN7W6MQ","સમીકરણ ઉકેલો_ભાગ_૩","સમીકરણ ઉકેલો_ભાગ_૩, Simple Equation3.","ગણિત","સમીકરણ","સમીકરણ (એક ચલ)","","",""
"https://www.youtube.com/embed/1rZcaMvl3bI","સમીકરણ ઉકેલો - (ભાગ_૨)","સમીકરણ ઉકેલો - (ભાગ_૨), Simple Equation2.","ગણિત","સમીકરણ","સમીકરણ (એક ચલ)","","",""
"https://www.youtube.com/embed/gwMAR0iPgM4","સમીકરણ ઉકેલો_ભાગ_૧","સમીકરણ ઉકેલો_ભાગ_૧, Simple Equation1.","ગણિત","સમીકરણ","સમીકરણ (એક ચલ)","","",""
"https://www.youtube.com/embed/ENdtWElVbaU","સમીકરણ ઉકેલો_ભાગ_૪","સમીકરણ ઉકેલો_ભાગ૪.","ગણિત","સમીકરણ","સમીકરણ (એક ચલ)","","",""
"https://www.youtube.com/embed/jSiRWoq3OE4","સમીકરણ ઉકેલો - (ભાગ_૩)","સમીકરણ ઉકેલો - (ભાગ_૩), Equation3.","ગણિત","સમીકરણ","સમીકરણ (એક ચલ)","","",""
"https://www.youtube.com/embed/r6GomLklmcA","સમીકરણ ઉકેલો_ભાગ_૨","સમીકરણ ઉકેલો_ભાગ_૨, Equation2.","ગણિત","સમીકરણ","સમીકરણ (એક ચલ)","","",""
"https://www.youtube.com/embed/erWYB0GIcm8","Equation1","સમીકરણ ઉકેલો www.evidyalay.org.","ગણિત","સમીકરણ","સમીકરણ (એક ચલ)","","",""
"https://www.youtube.com/embed/TsgqiaDFs7E","વેદિક ગણિત_૧૦","વેદિક ગણિત કે વૈદિક ગણિત (part 10) www.evidyalay.net.","ગણિત","મૌખિક ગણિતની રીતો","વેદિક ગણિત","","",""
"https://www.youtube.com/embed/QBQoJN6qQMY","વેદિક ગણિત_૯","વેદિક ગણિત કે વૈદિક ગણિત (part - 9) સૂત્ર - ૩, ઉર્ધ્વતીર્યગ્ભ્યામ્, Vedic Math 9 Gujarati www.evidyalay.net.","ગણિત","મૌખિક ગણિતની રીતો","વેદિક ગણિત","","",""
"https://www.youtube.com/embed/Ksej0Twjk_E","વેદિક ગણિત_૮","વેદિક ગણિત કે વૈદિક ગણિત (part 8), Vedic Math 8 Gujarati www.evidyalay.net.","ગણિત","મૌખિક ગણિતની રીતો","વેદિક ગણિત","","",""
"https://www.youtube.com/embed/284gIBVH080","ગુજરાતી સ્વર, વ્યંજન અને બારાક્ષરી","ગુજરાતી સ્વર, વ્યંજન અને બારાક્ષરી Gujarati Vowels, Gujarati Consonents, Gujarati Barakshri, ગુજરાતી સ્વર, ગુજરાતી વ્યંજન, ગુજરાતી બારાક્ષરી www.evidyalay.org.","ગુજરાતી","બાળ સાહિત્ય ગુજરાતી","ગુજરાતી લખતા-વાંચતા શીખીએ","","",""
"https://www.youtube.com/embed/USTa5jisCcU","ગુજરાતી મુળાક્ષર લખતા - વાંચતા શીખીએ,","ગુજરાતી મુળાક્ષર લખતા - વાંચતા શીખીએ, Gujarati Alphabets Group 3.","ગુજરાતી","બાળ સાહિત્ય ગુજરાતી","ગુજરાતી લખતા-વાંચતા શીખીએ","","",""
"https://www.youtube.com/embed/ICo_NWklMF0","ગુજરાતી મુળાક્ષર લખતા - વાંચતા શીખીએ_ભાગ_૨","ગુજરાતી મુળાક્ષર લખતા - વાંચતા શીખીએ, Gujarati Alphabets Group 2.","ગુજરાતી","બાળ સાહિત્ય ગુજરાતી","ગુજરાતી લખતા-વાંચતા શીખીએ","","",""
"https://www.youtube.com/embed/8OBAY9cm1NY","ગુજરાતી મુળાક્ષર લખતા - વાંચતા શીખીએ_ભાગ_૧","ગુજરાતી મુળાક્ષર લખતા - વાંચતા શીખીએ, Gujarati Alphabets Group 1.","ગુજરાતી","બાળ સાહિત્ય ગુજરાતી","ગુજરાતી લખતા-વાંચતા શીખીએ","","",""
"https://www.youtube.com/embed/pUc9D8BXG6U","Mahavir Swami","મહાવીર સ્વામી www.evidyalay.org.","સમાજવિધ્યા","બાળ સાહિત્ય - ઇતિહાસ","ગુજરાતી - વાર્તા","","",""
"https://www.youtube.com/embed/A2XVEOrr2YU","ગૌતમ બુદ્ધ","ઇતિહાસ - ગૌતમ બુદ્ધ, Gautam Buddha.","સમાજવિધ્યા","બાળ સાહિત્ય - ઇતિહાસ","ગુજરાતી - વાર્તા","","",""
"https://www.youtube.com/embed/iCtrxEMcgaQ","Krushna Sudama","કૃષ્ણ સુદામા www.evidyalay.org.","સમાજવિધ્યા","બાળ સાહિત્ય - ઇતિહાસ","ગુજરાતી - વાર્તા","","",""
"https://www.youtube.com/embed/2AoosLSWp4E","એકલવ્ય","ઇતિહાસ - એકલવ્ય, Eklavy.","સમાજવિધ્યા","બાળ સાહિત્ય - ઇતિહાસ","ગુજરાતી - વાર્તા","","",""
"https://www.youtube.com/embed/0RPGW3Sf-XE","શ્રવણ","ઇતિહાસ - શ્રવણ, Shravan.","સમાજવિધ્યા","બાળ સાહિત્ય - ઇતિહાસ","ગુજરાતી - વાર્તા","","",""
"https://www.youtube.com/embed/VA6EB71jVGs","લવ - કુશ","ઇતિહાસ - લવ - કુશ, Lav Kush.","સમાજવિધ્યા","બાળ સાહિત્ય - ઇતિહાસ","ગુજરાતી - વાર્તા","","",""
"https://www.youtube.com/embed/8vdzc8jGMB4","શબરી","ઇતિહાસ - શબરી, Shabri ઇતિહાસ.","સમાજવિધ્યા","બાળ સાહિત્ય - ઇતિહાસ","ગુજરાતી - વાર્તા","","",""
"https://www.youtube.com/embed/PgruqQNfqsw","ધ્રુવ","ધ્રુવ, Dhruv.","સમાજવિધ્યા","બાળ સાહિત્ય - ઇતિહાસ","ગુજરાતી - વાર્તા","","",""
"https://www.youtube.com/embed/7BA7EP1kHCA","કૌંસ - (ભાગ_૨)","કૌંસ - (ભાગ_૨), Brackets_2.","ગણિત","બીજ ગણિત","કૌંસ","","",""
"https://www.youtube.com/embed/ZkJ_YWFQ89g","કૌંસ - (ભાગ_૧)","કૌંસ - (ભાગ_૧), Brackets 1.","ગણિત","બીજ ગણિત","કૌંસ","","",""
"https://www.youtube.com/embed/x-MTBSz7znE","Factorisation","અવયવ www.evidyalay.org.","ગણિત","બીજ ગણિત","અવયવીકરણ","","",""
"https://www.youtube.com/embed/Yc4aTubDPPI","બહુપદી_ભાગ_૫","બહુપદી_ભાગ_૫, Polynomials_Part5 in Gujarati.","ગણિત","બીજ ગણિત","બહુપદી","","",""
"https://www.youtube.com/embed/eo3FzRswqBk","બહુપદી - ભાગ_૪","બહુપદી - ભાગ_૪, Polynomials in Gujarati.","ગણિત","બીજ ગણિત","બહુપદી","","",""
"https://www.youtube.com/embed/4PXI3h6jrQY","બહુપદી_ભાગ_૩","બહુપદી_ભાગ_૩, Polynomials in Gujarati.","ગણિત","બીજ ગણિત","બહુપદી","","",""
"https://www.youtube.com/embed/ra47RB-qEmU","Polynomials_2","બહુપદી Polynomials in Gujarati.","ગણિત","બીજ ગણિત","બહુપદી","","",""
"https://www.youtube.com/embed/KLqjo7lWb3o","પદાવલિ , સમીકરણ","પદાવલિ , સમીકરણ Equation in Gujarati.","ગણિત","બીજ ગણિત","સમીકરણ (એક ચલ)","","",""
"https://www.youtube.com/embed/YPgN1k4x_MQ","અજ્ઞાત સંખ્યા","અજ્ઞાત સંખ્યા, Unknown Numbers in Gujarati.","ગણિત","બીજ ગણિત","અજ્ઞાત સંખ્યા","","",""
"https://www.youtube.com/embed/LNvtoHEiUhc","વેદિક ગણિત_૬","સૂત્ર - ૧૪ : એકન્યૂનેન પૂર્વેણ વેદિક ગણિત કે વૈદિક ગણિત www.evidyalay.net.","ગણિત","મૌખિક ગણિતની રીતો","વેદિક ગણિત","","",""
"https://www.youtube.com/embed/pfNX5DQ5qfk","વેદિક ગણિત_૪","ઉપસિધ્ધાંત ૭: યાવાદુનાં તાવદૂનીકૃત્ય વર્ગ ચ યોજ્યેત્ , વેદિક ગણિત કે વૈદિક ગણિત, Vedic Math 4 Gujarati.","ગણિત","મૌખિક ગણિતની રીતો","વેદિક ગણિત","","",""
"https://www.youtube.com/embed/AcQLQ5f7K9s","ગુજરાતી અંકો લખતા - વાંચતા અને ગણાતા શીખીએ_ભાગ -૧","ગુજરાતી અંકો લખતા - વાંચતા અને ગણાતા શીખીએ_ભાગ -૧, Learn Gujarati Numbers 1.","ગણિત","બાળ સાહિત્ય ગણિત","ગુજરાતી લખતા-વાંચતા શીખીએ ગણિત","","",""
"https://www.youtube.com/embed/8yrF0zJ7Cnc","ગુજરાતી શબ્દો બનાવતા શીખીએ : ભાગ_૪","ગુજરાતી શબ્દો બનાવતા શીખીએ : ભાગ_૪, Learn Gujarati Words 4.","ગુજરાતી","બાળ સાહિત્ય ગુજરાતી","ગુજરાતી લખતા-વાંચતા શીખીએ","","",""
"https://www.youtube.com/embed/PvHxA3DQ2fE","ગુજરાતી શબ્દો બનાવતા શીખીએ_ભાગ_૩","ગુજરાતી શબ્દો બનાવતા શીખીએ_ભાગ_૩, Learn Gujarati Words 3.","ગુજરાતી","બાળ સાહિત્ય ગુજરાતી","ગુજરાતી લખતા-વાંચતા શીખીએ","","",""
"https://www.youtube.com/embed/P1GZwaFXMdg","ગુજરાતી શબ્દો બનાવતા શીખીએ_ભાગ_૨","ગુજરાતી શબ્દો બનાવતા શીખીએ : ભાગ - ૨.","ગુજરાતી","બાળ સાહિત્ય ગુજરાતી","ગુજરાતી લખતા-વાંચતા શીખીએ","","",""
"https://www.youtube.com/embed/y9K08GwBEXo","ગુજરાતી શબ્દો બનાવતા શીખીએ : ભાગ -૧","ગુજરાતી શબ્દો બનાવતા શીખીએ : ભાગ -૧, Learn Gujarati Words 1.","ગુજરાતી","બાળ સાહિત્ય ગુજરાતી","ગુજરાતી લખતા-વાંચતા શીખીએ","","",""
"https://www.youtube.com/embed/CytZLotOqpQ","ભૂમિતિ - નળાકારનું ક્ષેત્રફળ અને ઘનફળ,","ભૂમિતિ - નળાકારનું ક્ષેત્રફળ અને ઘનફળ, Cylinder Area Volume in Gujarati.","ગણિત","ભૂમિતિ","નળાકાર ","","",""
"https://www.youtube.com/embed/xIBt-VUbG2w","ભૂમિતિ - ચતુષ્કોણ,","ભૂમિતિ - ચતુષ્કોણ, Quadrangular in Gujarati.","ગણિત","ભૂમિતિ","ચતુષ્કોણ","","",""
"https://www.youtube.com/embed/y7E2pJbquzA","ભૂમિતિ - સમાંતર રેખાઓ અને એમની છેદિકાથી બનતા ખુણાઓની જોડ","ભૂમિતિ - સમાંતર રેખાઓ અને એમની છેદિકાથી બનતા ખુણાઓની જોડ, Angles formed between transversals and parallel lines in Gujarati.","ગણિત","ભૂમિતિ","ખૂણો","","",""
"https://www.youtube.com/embed/f8hQsc4fOJ0","ભૂમિતિ -  ખૂણાઓની જોડના પ્રકાર (ભાગ-૨)","ભૂમિતિ - ખૂણાઓની જોડના પ્રકાર (ભાગ-૨), Angle Pair in Gujarati (Part - 2)","ગણિત","ભૂમિતિ","ખૂણો","","",""
"https://www.youtube.com/embed/OdZ15ypkdmc","ભૂમિતિ -  ખૂણાઓની જોડના પ્રકાર,","ભૂમિતિ - ખૂણાઓની જોડના પ્રકાર, Angle Pair in Gujarati (Part - 1)","ગણિત","ભૂમિતિ","ખૂણો","","",""
"https://www.youtube.com/embed/ta5f-x52sqI","ભૂમિતિ -  ખૂણો","ભૂમિતિ - ખૂણો, Angle in Gujarati.","ગણિત","ભૂમિતિ","ખૂણો","","",""
"https://www.youtube.com/embed/47wkzCDDiKc","ભૂમિતિ -  ઘનફળ,","ભૂમિતિ - ઘનફળ, Volume in Gujarati.","ગણિત","ભૂમિતિ","ઘનફળ","","",""
"https://www.youtube.com/embed/h8q7eWr1QSU","ભૂમિતિ -  વર્તુળનું ક્ષેત્રફળ,","ભૂમિતિ - વર્તુળનું ક્ષેત્રફળ, Circle Area in Gujarati.","ગણિત","ભૂમિતિ","વર્તુળ","","",""
"https://www.youtube.com/embed/yYtGS6DAUTA","ભૂમિતિ -  વર્તુળનો પરિઘ","ભૂમિતિ - વર્તુળનો પરિઘ, Circle Circumference in Gujarati.","ગણિત","ભૂમિતિ","વર્તુળ","","",""
"https://www.youtube.com/embed/sTEEjw3bfic","Area Perimeter","ભૂમિતિ - પરિમિતિ અને ક્ષેત્રફળ Area - Perimeter in Gujarati www.evidyalay.org.","ગણિત","ભૂમિતિ","પરિમિતિ","","",""
"https://www.youtube.com/embed/nmPpLJhk62s","ખૂણાઓ કેવી રીતે મપાય?_ખૂણાઓ ના પ્રકાર,","ખૂણાઓ કેવી રીતે મપાય?_ખૂણાઓ ના પ્રકાર, Angles in Gujarati How to measure An Angle in Gujarati.","ગણિત","ભૂમિતિ","ખૂણો","","",""
"https://www.youtube.com/embed/Zwpdpd-jlFE","ભૂમિતિ- વર્તુળના ક્ષેત્રફળ વિશે સમજૂતી,","ભૂમિતિ- વર્તુળના ક્ષેત્રફળ વિશે સમજૂતી, Geometry Circle Area Introduction.","ગણિત","ભૂમિતિ","વર્તુળ","","",""
"https://www.youtube.com/embed/hl7sRUaXm6M","ભૂમિતિ - વર્તુળની પરિમિતિ વિશે સમજૂતી","ભૂમિતિ - વર્તુળની પરિમિતિ વિશે સમજૂતી, Geometry Circle Circumference Introduction in Gujarati.","ગણિત","ભૂમિતિ","વર્તુળ","","",""
"https://www.youtube.com/embed/IhNCfjeHLR0","ભૂમિતિ - વર્તુળ, ત્રિજ્યા, વ્યાસ, જીવા,","ભૂમિતિ - વર્તુળ , ત્રિજ્યા, વ્યાસ, જીવા, Geometry Circle.","ગણિત","ભૂમિતિ","વર્તુળ","","",""
"https://www.youtube.com/embed/n6zgIg_l3Ik","ભૂમિતિ - પરિમિતિ અને ક્ષેત્રફળ  વિષે પ્રાથમિક પરિચય,","ભૂમિતિ - પરિમિતિ અને ક્ષેત્રફળ વિષે પ્રાથમિક પરિચય, Geometry Square Perimeter Area Introduction in Gujarati.","ગણિત","ભૂમિતિ","પરિમિતિ અને ક્ષેત્રફળ","","",""
"https://www.youtube.com/embed/9ZGIg-jeciA","ભૂમિતિ -  ત્રિકોણની રમત","ભૂમિતિ - ત્રિકોણની રમત, Geometry Triange game in Gujarati.","ગણિત","ભૂમિતિ","ત્રિકોણ","","",""
"https://www.youtube.com/embed/62rTvOqwlzY","Geometry Triangle","ભૂમિતિ - ૩ ત્રિકોણ વિષે સમજુતી Geometry Triangle in Gujarati www.evidyalay.org.","ગણિત","ભૂમિતિ","ત્રિકોણ","","",""
"https://www.youtube.com/embed/dJS3m8cZ-CY","ભૂમિતિ - ખૂણો અને એને માપવા વિશેની સમજુતી,","ભૂમિતિ - ૨ ખૂણો અને એને માપવા વિશેની સમજુતી www.evidyalay.org Geometry Angle Measurement in Gujarati.","ગણિત","ભૂમિતિ","ખૂણો","","",""
"https://www.youtube.com/embed/SPF44Mzf9MQ","વર્ગ - વર્ગમૂળ","વર્ગ - વર્ગમૂળ Square in Gujarati.","ગણિત","અંક ગણિત","વર્ગ-વર્ગમૂળ","","",""
"https://www.youtube.com/embed/C56fgsZH4HY","વર્ગમૂળ","વર્ગમૂળ Square root in Gujarati.","ગણિત","અંક ગણિત","વર્ગમૂળ","","",""
"https://www.youtube.com/embed/_BVC6T82ViA","Exponent Level2","ઘાત - ઘાતાંક - 2 Exponent in Gujarati. ( Level 2) http://evidyalay.org/","ગણિત","બીજ ગણિત","ઘાત-ઘાતાંક","","",""
"https://www.youtube.com/embed/TT9PGnLgjT0","ઘાત - ઘાતાંક  (ભાગ_૧),","ઘાત - ઘાતાંક (ભાગ_૧), Exponent in Gujarati.","ગણિત","બીજ ગણિત","ઘાત-ઘાતાંક","","",""
"https://www.youtube.com/embed/DM_qbtLFdrg","ગણતરી કરવાનાં સામાન્ય નિયમો અથવા તો ક્રમ,","ગણતરી કરવાનાં સામાન્ય નિયમો અથવા તો ક્રમ, Introduction to Order of Operation in Gujarati.","ગણિત","બીજ ગણિત","કૌંસ","","",""
"https://www.youtube.com/embed/-Y_emibHkZM","ગણતરી કરવાનાં સામાન્ય નિયમો અથવા તો ક્રમ નો હજુ વધુ અઘરો દાખલો,","ગણતરી કરવાનાં સામાન્ય નિયમો અથવા તો ક્રમ નો હજુ વધુ અઘરો દાખલો, More Complicated Order of Operation Example in Gujarati.","ગણિત","બીજ ગણિત","કૌંસ","","",""
"https://www.youtube.com/embed/7F_W66uf1h4","અપૂર્ણાંક સંખ્યાઓ નાં ગુણાકાર,","અપૂર્ણાંક સંખ્યાઓ નાં ગુણાકાર, Fraction's Multiplication in Gujarati.","ગણિત","અંક ગણિત","અપૂર્ણાંક સંખ્યાઓ","","",""
"https://www.youtube.com/embed/lalk-6Tmp6s","અપૂર્ણાંક સંખ્યાઓ નાં ભાગાકાર,","અપૂર્ણાંક સંખ્યાઓ નાં ભાગાકાર, Fraction's Division in Gujarati.","ગણિત","અંક ગણિત","અપૂર્ણાંક સંખ્યાઓ","","",""
"https://www.youtube.com/embed/bFUsVhcdC7A","અપૂર્ણાંક સંખ્યાઓ નાં સરવાળા - બાદબાકી","અપૂર્ણાંક સંખ્યાઓ નાં સરવાળા - બાદબાકી, Fraction's Addition Subtraction in Gujarati.","ગણિત","અંક ગણિત","અપૂર્ણાંક સંખ્યાઓ","","",""
"https://www.youtube.com/embed/R0TMMNeA4Uw","પૂર્ણાંક સંખ્યા, ઋણ સંખ્યા ના ગુણાકાર - ભાગાકાર","પૂર્ણાંક સંખ્યા, ઋણ સંખ્યા ના ગુણાકાર - ભાગાકાર Integer Number's Multiplication Division in Gujarati.","ગણિત","અંક ગણિત","ઋણ સંખ્યા, પૂર્ણાંક સંખ્યા","","",""
"https://www.youtube.com/embed/yqc7NBAkNIk","પૂર્ણાંક સંખ્યા, ઋણ સંખ્યા ના સરવાળા- બાદબાકી","પૂર્ણાંક સંખ્યા , ઋણ સંખ્યા ના સરવાળા- બાદબાકી Integer Numbers's Addition Subtraction in Gujarati.","ગણિત","અંક ગણિત","ઋણ સંખ્યા, પૂર્ણાંક સંખ્યા","","",""
"https://www.youtube.com/embed/BUWdFzWRPss","પૂર્ણાંક સંખ્યા, ઋણ સંખ્યા વિષે સમજુતી,","પૂર્ણાંક સંખ્યા, ઋણ સંખ્યા વિષે સમજુતી, Integer Numbers.","ગણિત","અંક ગણિત","ઋણ સંખ્યા, પૂર્ણાંક સંખ્યા","","",""
"https://www.youtube.com/embed/a_4F8ShYuw4","પૂર્ણ સંખ્યાઓ","પૂર્ણ સંખ્યાઓ, Whole Numbers in Gujarati,","ગણિત","અંક ગણિત","પૂર્ણ સંખ્યા","","",""
"https://www.youtube.com/embed/MGE3GkGxak0","Least Common Multiple (Gujarati)","લઘુત્તમ સામાન્ય અવયવી Least Common Multiple in Gujarati http://evidyalay.org/","ગણિત","અંક ગણિત","અવયવ","","",""
"https://www.youtube.com/embed/LLyu0NNXS8Y","ગુરૂત્તમ સામાન્ય અવયવ","ગુરૂત્તમ સામાન્ય અવયવ Greatest Common Divisor in Gujarati.","ગણિત","બીજ ગણિત","અવયવ બીજ ગણિત","","",""
"https://www.youtube.com/embed/AMn-aZ7-EJM","વિભાજ્યતાની ચાવીઓ_૨,૩ અને ૫ ની ચાવી","વિભાજ્યતાની ચાવીઓ_૨,૩ અને ૫ ની ચાવી, 2,3 and 5's key (Gujarati)","ગણિત","બીજ ગણિત","અવયવ બીજ ગણિત","","",""
"https://www.youtube.com/embed/wvEJrG81Id4","7 and 11's key (Gujarati)","àªµàª¿àªàª¾àªœà« àª¯àª¤àª¾àª¨à«€ àªšàª¾àªµà«€àª“ à« àª…àª¨à«‡ à«§à«§ àª¨à«€ àªšàª¾àªµà«€ http://evidyalay.org/","ગણિત","બીજ ગણિત","અવયવ બીજ ગણિત","","",""
"https://www.youtube.com/embed/g1R0CVNnGQ8","અવયવ વિષે પ્રાથમિક માહિતી,","અવયવ વિષે પ્રાથમિક માહિતી, Factor Introduction (Gujarati)","ગણિત","બીજ ગણિત","અવયવ બીજ ગણિત","","",""
"https://www.youtube.com/embed/ThNEPLTboKw","અપૂર્ણાંક સંખ્યાઓને દશાંશ અપૂર્ણાંક સંખ્યાઓમાં પરિવર્તિત કરો.","અપૂર્ણાંક સંખ્યાઓને દશાંશ અપૂર્ણાંક સંખ્યાઓમાં પરિવર્તિત કરો. Convert Fraction to Decimal in Gujarati.","ગણિત","અંક ગણિત","અપૂર્ણાંક સંખ્યાઓ","","",""
"https://www.youtube.com/embed/1Twsgx6O0po","દશાંશ અપૂર્ણાંક વિષે સમજુતી","દશાંશ અપૂર્ણાંક વિષે સમજુતી, Decimal Introduction (Gujarati)","ગણિત","અંક ગણિત","દશાંશ અપૂર્ણાંક સંખ્યાઓ","","",""
"https://www.youtube.com/embed/YO32ED-z7HE","શુદ્ધ અપૂર્ણાંક, અશુદ્ધ અપૂર્ણાંક અને મિશ્ર અપૂર્ણાંક","શુદ્ધ અપૂર્ણાંક, અશુદ્ધ અપૂર્ણાંક અને મિશ્ર અપૂર્ણાંક.","ગણિત","અંક ગણિત","અપૂર્ણાંક સંખ્યાઓ","","",""
"https://www.youtube.com/embed/m8f22zQQLqk","અપૂર્ણાંક સંખ્યા વિષે વિશેષ સમજુતી","અપૂર્ણાંક સંખ્યા વિષે વિશેષ સમજુતી, Fraction2 in Gujarati.","ગણિત","અંક ગણિત","અપૂર્ણાંક સંખ્યાઓ","","",""
"https://www.youtube.com/embed/c63rjsD9D8o","Fraction Introduction","અપૂર્ણાંક સંખ્યા વિષે માહિતી http://evidyalay.org/","ગણિત","બીજ ગણિત","દશાંશ સંખ્યાઓ","","",""
"https://www.youtube.com/embed/Ch3HL0m_RLg","Multiplication6:  Multiple Digit Numbers","ત્રણ, ચાર, પાંચ અંકોની સંખ્યાઓનો ગુણાકાર http://evidyalay.org/","ગણિત","અંક ગણિત","ગુણાકાર","","",""
"https://www.youtube.com/embed/0S8JfctY8gY","Multiplication5: 2 digit times a 2 digit number","બે અને ત્રણ આંકડાની રકમના ગુણાકાર http://evidyalay.org/","ગણિત","અંક ગણિત","ગુણાકાર","","",""
"https://www.youtube.com/embed/PDLkw57qXa8","બે અંકની સંખ્યાના એક અંકની સંખ્યા વડે ગુણાકાર,","બે અંકની સંખ્યાના એક અંકની સંખ્યા વડે ગુણાકાર, Multiplication4: 2 digit times 1 digit number.","ગણિત","અંક ગણિત","ગુણાકાર","","",""
"https://www.youtube.com/embed/cOfEMCbPLc4","Why Borrowing works in Subtraction Gujarati","બાદબાકીમાં દશકો લેવાની પદ્ધતિ કેવી રીતે કામ કરે છે? http://evidyalay.org/","ગણિત","અંક ગણિત","ગુણાકાર","","",""
"https://www.youtube.com/embed/J5yo-wA36vo","ગુણાકારમાં ૧૦,૧૧ અને ૧૨ નાં ઘડિયા,","ગુણાકારમાં ૧૦,૧૧ અને ૧૨ નાં ઘડિયા, Multiplication 3: 10,11,12 times tables.","ગણિત","અંક ગણિત","ગુણાકાર","","",""
"https://www.youtube.com/embed/isRaEvNXC4I","Subtraction3 : Introduction to Borrowing or Regrouping","Subtraction in Gujarati --- દશકો લેવાની રીત અથવા સંખ્યાની ફેરબદલી કરી બાદબાકી કરવાની રીત http://evidyalay.org/","ગણિત","અંક ગણિત","ભાગાકાર","","",""
"https://www.youtube.com/embed/JA1_284NWBs","Subtraction2 in Gujarati","Subtraction in Gujarati --- બાદબાકીની જોવાની જુદી જુદી રીતો Different ways to view subtraction http://evidyalay.org/","ગણિત","અંક ગણિત","ભાગાકાર","","",""
"https://www.youtube.com/embed/qsrUFsU4Hks","Level 4 division in Gujarati","Division in Gujarati --- àª®à«‹àªŸà«€ àª°àª•àª®àª¨à«‡ àª¬à«‡ àª…àª‚àª•àª¨à«€ àª°àª•àª® àªµàª¡à«‡ àªàª¾àª—àª¾àª•àª¾àª° Level 4 division : Dividing a two digit number into a larger number...","ગણિત","અંક ગણિત","ભાગાકાર","","",""
"https://www.youtube.com/embed/cI3gwUCSW9I","Division 3 in Gujarati","Division in Gujarati -- મોટી રકમના ભાગાકાર અને શેષ વધે તેવા થોડા વધુ દાખલા More long division and remainder examples http://evidyalay.org/","ગણિત","અંક ગણિત","ભાગાકાર","","",""
"https://www.youtube.com/embed/DnyBHuerNpQ","Division2 in Gujarati","Division in Gujarati -- મોટી રકમનાં ભાગાકાર. મોટી રકમનાં ભાગાકારની અને શેષની રજૂઆત Dividing into larger numbers. Introduction to long division and remainders...","ગણિત","અંક ગણિત","ભાગાકાર","","",""
"https://www.youtube.com/embed/fSX-2lfZiy8","Division1 in Gujarati","ભાગાકારની રજૂઆત, Division in Gujarati -- Introduction to division.","ગણિત","અંક ગણિત","ભાગાકાર","","",""
"https://www.youtube.com/embed/jp18E3fkMp8","Division in Gujarati","Division in Gujarati --- ભાગાકારની રજૂઆત Introduction to division http://evidyalay.org/","ગણિત","અંક ગણિત","ભાગાકાર","","",""
"https://www.youtube.com/embed/lquzxBpT4N0","લેટિસ પધ્ધતિથી ગુણાકાર","Lattice Multiplication in Gujarati -- લેટીસ ગુણાકાર પદ્ધતિ કેવી રીતે કામ કરે છે? લેટીસ ગુણાકાર પદ્ધતિ વિષે સમજણ Why Lattice Multiplication Works : Understand...","ગણિત","અંક ગણિત","ગુણાકાર","","",""
"https://www.youtube.com/embed/oDAghKyjDwc","ગુણાકારમાં ઘડિયાની રજૂઆત - ૧ થી ૯ નાં ઘડિયા","Multiplication Table in Gujarati -- ગુણાકારમાં ઘડિયાની રજૂઆત - ૧ થી ૯ નાં ઘડિયા Introduction to the multiplication tables from 2-9. http://evidyalay.org/","ગણિત","અંક ગણિત","ગુણાકાર","","",""
"https://www.youtube.com/embed/7Alf3gRgdGs","એકથી વધારે અંકોની સંખ્યાની બાદબાકી , દશકો લઈને","એકથી વધારે અંકોની સંખ્યાની બાદબાકી , દશકો લઈને, Level 4 Subtraction : Subtraction of multi-digit numbers involving borrowing, Subtraction in Gujarati.","ગણિત","અંક ગણિત","બાદબાકી","","",""
"https://www.youtube.com/embed/RRt7jRnTbD8","દશાંશ અપૂર્ણાંક સંખ્યાઓના ગુણાકાર","Multiplication in Gujarati --- દશાંશ અપૂર્ણાંક સંખ્યાઓના ગુણાકાર Multiplying decimals http://evidyalay.org/","ગણિત","અંક ગણિત","દશાંશ અપૂર્ણાંક સંખ્યાઓ","","",""
"https://www.youtube.com/embed/GsTN-W8wn5U","Subtracting Decimals in Gujarati","Subtracting Decimals in Gujarati ---- àª¦àª¶àª¾àª‚àª¶ àª…àªªà«‚àª°à« àª£àª¾àª‚àª• àª¸àª‚àª–à« àª¯àª¾àª“àª¨à«€ àª¬àª¾àª¦àª¬àª¾àª•à«€ Subtracting Decimal Numbers http://evidyalay.org/","ગણિત","અંક ગણિત","દશાંશ અપૂર્ણાંક સંખ્યાઓ","","",""
"https://www.youtube.com/embed/-CEZcOZ2d0o","દશાંશ અપૂર્ણાંક સંખ્યાઓનો સરવાળો,","દશાંશ અપૂર્ણાંક સંખ્યાઓનો સરવાળો, Adding Decimals in Gujarati.","ગણિત","અંક ગણિત","દશાંશ અપૂર્ણાંક સંખ્યાઓ","","",""
"https://www.youtube.com/embed/EX6sacTlIAE","Multiplication 7 in Gujarati: Old video giving more examples :","Multiplication in Gujarati -- ગુણાકારના બે દાખલા: ૩ અંકની રકમનો ૨ અને 3 અંકની રકમ સાથે ગુણાકાર 2 examples of multiplying a 3 digit number times a 2 digit num...","ગણિત","અંક ગણિત","ગુણાકાર","","",""
"https://www.youtube.com/embed/c91wxQBrk4U","ગુણાકારની રજૂઆત","Multiplication in Gujarati, Basic Multiplication in Gujarati -- ગુણાકારની રજૂઆત Introduction to multiplication .","ગણિત","અંક ગણિત","ગુણાકાર","","",""
"https://www.youtube.com/embed/tcRlIZrbkxI","મનમાં બાદબાકી કરવાની બીજી રીત : હું કેવી રીતે મારા મનમાં બાદબાકી કરું છું?","મનમાં બાદબાકી કરવાની બીજી રીત : હું કેવી રીતે મારા મનમાં બાદબાકી કરું છું?, Subtraction in Gujarati, Alternate mental subtraction method : How I subtract in ...","ગણિત","અંક ગણિત","બાદબાકી","","",""
"https://www.youtube.com/embed/B-NrwDmWFco","સરવાળો - સાદી ગણતરી, વદ્દીવાળા દાખલા","Addition in Gujarati ------------------------- સરવાળો - સાદી ગણતરી, વદ્દીવાળા દાખલા Addition 4 : More practice carrying with multiple digit numbers.","ગણિત","અંક ગણિત","સરવાળા","","",""
"https://www.youtube.com/embed/CEtESuG8zOM","સરવાળામાં વદ્દી લેવાની પધ્ધતિ,","સરવાળામાં વદ્દી લેવાની પધ્ધતિ, Practice carrying digits to add multiple digit numbers. Addition in Gujarati.","ગણિત","અંક ગણિત","સરવાળા","","",""
"https://www.youtube.com/embed/bS8Mh40YCnY","Addition2 in Gujarati","Addition in Gujarati ----------------------- Adding 2-digit numbers બે અંકોના સરવાળા.","ગણિત","અંક ગણિત","સરવાળા","","",""
"https://www.youtube.com/embed/jsgbKgVlvbU","Basic Addition in Gujarati","Addition in Gujarati ----------------------------- સરવાળાની રજૂઆત - વિવિધ પદ્ધતિથી સરવાળાની રજૂઆત Introduction to addition. Multiple visual ways to represent...","ગણિત","અંક ગણિત","સરવાળા","","",""
"https://www.youtube.com/embed/lquzxBpT4N0","લેટિસ પધ્ધતિથી ગુણાકાર","Lattice Multiplication in Gujarati -- લેટીસ ગુણાકાર પદ્ધતિ કેવી રીતે કામ કરે છે? લેટીસ ગુણાકાર પદ્ધતિ વિષે સમજણ Why Lattice Multiplication Works : Understand...","ગણિત","અંક ગણિત","ગુણાકાર","","",""
"https://www.youtube.com/embed/oDAghKyjDwc","ગુણાકારમાં ઘડિયાની રજૂઆત - ૧ થી ૯ નાં ઘડિયા","Multiplication Table in Gujarati -- ગુણાકારમાં ઘડિયાની રજૂઆત - ૧ થી ૯ નાં ઘડિયા Introduction to the multiplication tables from 2-9. http://evidyalay.org/","ગણિત","અંક ગણિત","ગુણાકાર","","",""
"https://www.youtube.com/embed/7Alf3gRgdGs","એકથી વધારે અંકોની સંખ્યાની બાદબાકી , દશકો લઈને","એકથી વધારે અંકોની સંખ્યાની બાદબાકી , દશકો લઈને, Level 4 Subtraction : Subtraction of multi-digit numbers involving borrowing, Subtraction in Gujarati.","ગણિત","અંક ગણિત","ગુણાકાર","","",""
"https://www.youtube.com/embed/RRt7jRnTbD8","દશાંશ અપૂર્ણાંક સંખ્યાઓના ગુણાકાર","Multiplication in Gujarati --- દશાંશ અપૂર્ણાંક સંખ્યાઓના ગુણાકાર Multiplying decimals http://evidyalay.org/","ગણિત","અંક ગણિત","દશાંશ અપૂર્ણાંક સંખ્યાઓ","","",""
"https://www.youtube.com/embed/GsTN-W8wn5U","Subtracting Decimals in Gujarati","Subtracting Decimals in Gujarati ---- àª¦àª¶àª¾àª‚àª¶ àª…àªªà«‚àª°à« àª£àª¾àª‚àª• àª¸àª‚àª–à« àª¯àª¾àª“àª¨à«€ àª¬àª¾àª¦àª¬àª¾àª•à«€ Subtracting Decimal Numbers http://evidyalay.org/","ગણિત","અંક ગણિત","દશાંશ અપૂર્ણાંક સંખ્યાઓ","","",""
"https://www.youtube.com/embed/-CEZcOZ2d0o","દશાંશ અપૂર્ણાંક સંખ્યાઓનો સરવાળો,","દશાંશ અપૂર્ણાંક સંખ્યાઓનો સરવાળો, Adding Decimals in Gujarati.","ગણિત","અંક ગણિત","દશાંશ અપૂર્ણાંક સંખ્યાઓ","","",""
"https://www.youtube.com/embed/EX6sacTlIAE","Multiplication 7 in Gujarati: Old video giving more examples :","Multiplication in Gujarati -- ગુણાકારના બે દાખલા: ૩ અંકની રકમનો ૨ અને 3 અંકની રકમ સાથે ગુણાકાર 2 examples of multiplying a 3 digit number times a 2 digit num...","ગણિત","અંક ગણિત","ગુણાકાર","","",""
"https://www.youtube.com/embed/c91wxQBrk4U","ગુણાકારની રજૂઆત","Multiplication in Gujarati, Basic Multiplication in Gujarati -- ગુણાકારની રજૂઆત Introduction to multiplication .","ગણિત","અંક ગણિત","ગુણાકાર","","",""
"https://www.youtube.com/embed/tcRlIZrbkxI","મનમાં બાદબાકી કરવાની બીજી રીત : હું કેવી રીતે મારા મનમાં બાદબાકી કરું છું?","મનમાં બાદબાકી કરવાની બીજી રીત : હું કેવી રીતે મારા મનમાં બાદબાકી કરું છું?, Subtraction in Gujarati, Alternate mental subtraction method : How I subtract in ...","ગણિત","અંક ગણિત","બાદબાકી","","",""
"https://www.youtube.com/embed/B-NrwDmWFco","સરવાળો - સાદી ગણતરી, વદ્દીવાળા દાખલા","Addition in Gujarati ------------------------- સરવાળો - સાદી ગણતરી, વદ્દીવાળા દાખલા Addition 4 : More practice carrying with multiple digit numbers.","ગણિત","અંક ગણિત","સરવાળા","","",""
"https://www.youtube.com/embed/CEtESuG8zOM","સરવાળામાં વદ્દી લેવાની પધ્ધતિ,","સરવાળામાં વદ્દી લેવાની પધ્ધતિ, Practice carrying digits to add multiple digit numbers. Addition in Gujarati.","ગણિત","અંક ગણિત","સરવાળા","","",""
"https://www.youtube.com/embed/bS8Mh40YCnY","Addition2 in Gujarati","Addition in Gujarati ----------------------- Adding 2-digit numbers બે અંકોના સરવાળા.","ગણિત","અંક ગણિત","સરવાળા","","",""
"https://www.youtube.com/embed/jsgbKgVlvbU","Basic Addition in Gujarati","Addition in Gujarati ----------------------------- સરવાળાની રજૂઆત - વિવિધ પદ્ધતિથી સરવાળાની રજૂઆત Introduction to addition. Multiple visual ways to represent...","ગણિત","અંક ગણિત","સરવાળા","","",""
